key,canonical,note
active directory運用経験,Active Directory,経験/経験者末尾(Phase3で処理)
ansible利用経験,Ansible,経験/経験者末尾(Phase3で処理)
autosar開発経験,AUTOSAR,経験/経験者末尾(Phase3で処理)
azure設計 構築経験,Azure,経験/経験者末尾(Phase3で処理)
cisco設計構築経験,Cisco,経験/経験者末尾(Phase3で処理)
cobol上流開発経験,COBOL,経験/経験者末尾(Phase3で処理)
fortigateバージョンアップ経験,FortiGate,経験/経験者末尾(Phase3で処理)
fortigate設計構築経験,FortiGate,経験/経験者末尾(Phase3で処理)
grandit導入経験,GRANDIT,経験/経験者末尾(Phase3で処理)
hulft保守経験,HULFT,経験/経験者末尾(Phase3で処理)
informatica運用保守経験,Informatica,経験/経験者末尾(Phase3で処理)
itヘルプデスク経験,ヘルプデスク,経験/経験者末尾(Phase3で処理)
jp1/ajs3実装経験,JP1/AJS3,経験/経験者末尾(Phase3で処理)
jp1経験,JP1,経験/経験者末尾(Phase3で処理)
linuxコマンド経験,Linux,経験/経験者末尾(Phase3で処理)
linux利用経験,Linux,経験/経験者末尾(Phase3で処理)
officeドキュメント作成経験,Office,経験/経験者末尾(Phase3で処理)
oracle linux経験,Oracle Linux,経験/経験者末尾(Phase3で処理)
pm/pl経験,PL経験,経験/経験者末尾(Phase3で処理)
pmo経験,PMO,経験/経験者末尾(Phase3で処理)
power automate経験,Power Automate,経験/経験者末尾(Phase3で処理)
prisma access設計構築経験,Prisma Access,経験/経験者末尾(Phase3で処理)
rdbms/sql経験,RDBMS,経験/経験者末尾(Phase3で処理)
rhel経験,RHEL,経験/経験者末尾(Phase3で処理)
saas導入-構築経験,SaaS,経験/経験者末尾(Phase3で処理)
saas管理経験,SaaS,経験/経験者末尾(Phase3で処理)
sap ibpプロジェクト参画経験,SAP,経験/経験者末尾(Phase3で処理)
shell script経験,Shell,経験/経験者末尾(Phase3で処理)
webアプリケーション開発経験,WEBアプリケーション開発,経験/経験者末尾(Phase3で処理)
web開発経験,Web開発,経験/経験者末尾(Phase3で処理)
インフラ基本設計経験,基本設計,経験/経験者末尾(Phase3で処理)
インフラ経験,インフラ,経験/経験者末尾(Phase3で処理)
クラウドサービス利用経験,クラウド,経験/経験者末尾(Phase3で処理)
クラウド移行経験,クラウド,経験/経験者末尾(Phase3で処理)
システム要件定義経験,要件定義,経験/経験者末尾(Phase3で処理)
ネットワーク構築運用経験,ネットワーク構築,経験/経験者末尾(Phase3で処理)
ネットワーク設計 構築経験,ネットワーク設計,経験/経験者末尾(Phase3で処理)
バックエンド開発経験,バックエンド開発,経験/経験者末尾(Phase3で処理)
ヘルプデスク経験,ヘルプデスク,経験/経験者末尾(Phase3で処理)
基本設計書作成経験,基本設計,経験/経験者末尾(Phase3で処理)
業務要件定義経験,要件定義,経験/経験者末尾(Phase3で処理)
汎用cobol開発経験,COBOL,経験/経験者末尾(Phase3で処理)
運用設計経験,運用設計,経験/経験者末尾(Phase3で処理)
