company_name,job_title,employment_type,salary_text,incentive_text,location,job_url,crawl_date,raw_text,search_keyword,channel
株式会社FEEEP,株式会社FEEEPの会社情報 - Wantedly,,,,東京都,https://www.wantedly.com/companies/company_2477720,2026-07-03,"募集
ストーリー
無料でログイン
株式会社FEEEP
フォロー
https://feeepresort.com

東京都

ホーム
私たちについて
メンバー
ストーリー
募集
ミッション
価値観
メンバー
募集
会社情報
ポートフォリオ
「会うこと」の可能性を広げる。

世界をよりよくするイノベーションの多くは、
「会うこと」から始まります。

会うからこそ、アイデアが生まれ、より素晴らしいものへと磨かれることがある。
会うからこそ、そのアイデアに仲間が集まり、実現に向かって動き出すことがある。
会うからこそ、そのアイデアの魅力が伝わり、世界へと広がっていくことがある。

私たちは、いろんな「会う場所」をデザインし、実装することで、より多くの人々の可能性を引き出すことができる社会を目指します。

価値観
優秀なメンバー
新規事業開発を多く手がけるメンバーが在籍し、リゾート開発に取り組んでいます。
フラットな組織
若手（20〜30代）が多いです。年齢に関わらず、意見を述べ、議論する文化があります。
オープンなコミュニケーション
大人数というわけではないので、一人一人が裁量を持ってほとんどのメンバーと連携しながら仕事を進めています。
時間や場所に縛られない
フルリモートで、チャットやzoomでの打ち合わせがほとんどなので、お互いに時間を合わせてプロジェクトを進めています。
創造性と革新性
新規事業で0→1フェーズということもあり、自分のアイデア・仕事がそのまま採用されることもあり、世の中に新しいサービスとして公開されるなど、クリエイティブ領域の強みが生きるプロジェクトです。
職種に縛られない
新規事業ということもあり、また、リゾートというプロダクトが様々な領域のノウハウが凝縮されていることもあり、いろんな領域の仕事に関わることになると思います。
メンバー
もっと見る
FEEEP RESORT 採用担当
その他
株式会社FEEEP
のメンバーと気軽に話そう

Wantedly は「中の人」とつながるビジネスSNS。
興味のある話題があれば気軽に話してみよう。

募集
9件の募集を見る
空間デザイナー
会員制シェア別荘の滞在体験を整え、別荘の心地よさを作る空間デザイナー募集
動画グロース担当
企画・撮影・編集・現場段取りまで一気通貫で担う動画グロースポジション
空間デザイン・物件開発
会員制シェア別荘事業を支えるインテリアコーディネーター募集！
会社情報

株式会社FEEEP

東京都新宿区西新宿1丁目8番1号 新宿ビルディングB2F

https://feeepresort.com

2021/10 に設立

青木孝裕 が創業

20人のメンバー

ポートフォリオ
他のポートフォリオを見る
2025年11月〜12月、FEEEP RESORTの第1号棟「FEEEP RESORT 九十九里浜」が竣工予定

2025年11月〜12月、FEEEP RESORTの第1号棟「FEEEP RESORT 九十九里浜」が竣工予定です。モデルルーム期間、プレオープン期間などを挟み、2026年1月以降に正式サービスインとなります。

類似の会社
株式会社Life style innovation
宮崎県
「Life Style Innovation」と名乗る意味
株式会社Lirem
愛知県
記憶に残る人生を送る人で溢れる世界を創る
株式会社ハチロク
東京都
スマートラウンド
東京都
スタートアップが可能性を最大限に発揮できる世界をつくる！
株式会社レアラ
東京都
法とテクノロジーの力で、未来を諦めなくてすむ社会を創る

私たちについて

運営会社

ニュース

採用情報

アプリをダウンロード

Wantedly

気軽に会社訪問

Wantedly Intern

成長できるインターンと出会う

Wantedly People

あなたの活躍を共有

ビジネス向け

採用

サービス概要

|

料金表

|

導入事例

エンゲージメント

社内報

|

チームの状態

|

福利厚生

採用管理システム

機能一覧

|

導入事例

返信が必要な方はこちら
Wantedlyへの意見を送る

推奨環境

ヘルプ

利用規約

プライバシーポリシー

利用者情報の外部送信について

販売・運用代行プログラム

©2026 Wantedly, Inc.

みんな3ヶ月に2回は
会社訪問しています

ミッション・ビジョンに共感したら

気軽に話を聞きに行ってみよう

ログイン
あとで",SES営業,wantedly
株式会社ジャンボ,裁量のある環境で、デザインもマーケティングも。自社アプリの成長を牽引！ - 株式会社ジャンボのWebマーケティングの採用 - Wantedly,業務委託,,サービスを成長させ、利益を生み出し、その成果をメンバーにしっかり還元する。 少数精鋭で一人一人が事業成長に貢献する分、メンバーにしっかり還元します！ 成果主義の環境で、最短ルートで昇格できる！SNSディレクター募集,愛知県,https://www.wantedly.com/projects/2230351,2026-07-03,"募集
ストーリー
無料でログイン
マーケティング｜未経験も◎
中途
88エントリー

on 2026/06/30

4,389 views

88人がエントリー中

裁量のある環境で、デザインもマーケティングも。自社アプリの成長を牽引！
株式会社ジャンボ
東京
中途
海外進出している
話を聞きに行きたい
株式会社ジャンボのメンバー

花田 尊司

社長・エンジニア

木暮 一貴

執行役員・CMO

指名OK

山﨑 麗奈

マーケティング

yunosuke chinen

グローバル事業部／セールスリーダー

はじめまして、株式会社ジャンボの代表の花田です。
愛知県出身で、お笑い芸人を目指して上京しました！

その後、未経験からエンジニアに転身し、Andorid/iOS/Unity/サーバーサイドと様々な分野で自社サービスを開発し、サービス拡大に伴い2021年4月に株式会社ジャンボを設立しました。

Passion To Life というミッションを掲げ、ジャンボを通じて熱狂を届け続けることが僕のビジョンです。
一緒に面白いものを作りませんか？

【代表インタビュー】お笑い芸人からIT企業の代表に至るまで。ジャンボの創業ストーリーに迫る！

花田 尊司さんのストーリー

なにをやっているのか

リアルからバーチャルまで幅広い事業で通話・配信アプリを運営しています！

性別・年齢問わずスタッフ同士の距離感は近い環境です！

▍ジャンボについて
「人生に熱狂を」というミッションを掲げ、モバイルアプリ・webアプリの開発を通じたコミュニケーションアプリを軸に以下の3事業を主に展開しています。

・ビデオ通話事業
・バーチャル配信事業
・グローバル配信事業

展開しているアプリは2026年1月時点で15以上。会員数は合計1500万人を超えており、毎日約9万人のユーザーにご利用いただいています！

▍働くメンバーについて
57名(正社員)のメンバーで15以上のアプリを運営しているため、少人数チームで裁量を持ってプロダクトを育てる経験を積むことができます！
エンジニア・マーケター・カスタマーサクセス・HRと役割は分かれながらも、横断的にサービスに関わり、社内でのキャリアチェンジも柔軟です。
なぜやるのか

世界中の人々が「なんか面白い」「もっと使いたい」と思えるようなサービスを作り続けます

渋谷にオフィスがあります！

▍人生に熱狂を
「PASSION TO LIFE（人生に熱狂を）」は、ジャンボのミッションです。
私たちは、自分たちがつくるアプリやサービスを通して、「なんか面白い！」「また使いたい！」と思ってもらえる熱狂を世界中に届けたいと思っています。

また、
● ユーザーの方々に楽しんでもらうこと
● 一緒に働くメンバーが仕事を通してより良い人生を送れるよう、サービスを成長させ利益を最大化すること
を目指しています！

サービスを成長させ、利益を生み出し、その成果をメンバーにしっかり還元する。
そんな会社でありたいと考えています。
そのために大切にしているのは、失敗を恐れず新しいことに挑戦することです。
常に学ぶ気持ちを持ち、まずはやってみる。
そんな姿勢を大切にしながら、日々サービスづくりに取り組んでいます。
どうやっているのか

髪型や服装の規定はありません！自分のモチベーションを保って最高のパフォーマンスを発揮して下さい！

「まずはやってみよう」を心掛けています！

▍最速で一流マーケターへ
ジャンボでは、広告運用だけでなく、ユーザー分析、SNS運用、プロダクト改善まで幅広く挑戦できます。
マーケターとしてだけでなく、「事業を伸ばす力」を身につけたい方にぴったりの環境です。

▍異業種からの挑戦も歓迎
アパレル、営業や販売、接客など、マーケティング未経験から活躍しているメンバーも多数在籍しています。
大切なのは経験よりも、「成長したい」「挑戦したい」という気持ちです！

▍急成長ベンチャーで仲間と成長
会員数1,500万人を超える自社サービスを、少人数チームで運営しています。
年齢や経験に関係なく挑戦できる環境で、仲間と切磋琢磨しながらサービスを成長させています。

▍働きやすい環境づくり
少数精鋭で一人一人が事業成長に貢献する分、メンバーにしっかり還元します！

・ランチのお弁当無料支給
・フリードリンク（水、カフェラテ含むコーヒー類）
・関東圏のティップネス（ジム）無料利用可
・作業環境
Mac mini  M4
モニター2台
生成AIを無制限で利用可能
各々が好きな椅子を会社負担で購入可能　....など！

こんなことやります
▍募集形態
正社員(フル出社)

▍業務内容
自社サービスを伸ばすため開発以外の幅広い業務をお願いしております！
　● マーケティング
　・Twitter/Instagram/Tiktok等のSNS活用した新規ユーザーの獲得
　・顧客満足度向上のための戦略立案と実施
　・広告運用

　● クリエイティブ業務
　・Photoshopを使用したバナー作成やアプリストア向けの素材作成
　・PremiereProを使用した自社運営のYoutube/TikTok/Instagram用動画作成
　・html/cssを使用したWebページの作成/編集～運用
　・AI画像/動画生成

▍仕事の流れ
● 出勤後に業務の進捗などを確認する短めのミーティングがあります。
　 分からないものや対応に苦しんだものがあれば、メンバーに共有して助言をもらえます！
● ミーティング後はユーザー対応をしつつ、それぞれタスクに取り掛かります。
● 未経験のタスクもチームのフォローを受けながら進めてもらいます。
● お弁当は毎日好きなものを選択可能です！後半に向けてエネルギーチャージ！
● 煮詰まってきたら外を散歩してリフレッシュしてもOK！
● 定時になったら帰りましょう！
　 残業はないので定時から15分以内にはほぼ全員退社しております！

▍得られる経験
● 問い合わせ対応の経験(顧客コミュニケーションスキル)
● 未知の分野、問題に対する対応能力
● データ分析とレポーティング
● マーケティングスキル、プロジェクト管理スキル
● クリエイティブ作成スキル

▍応募条件
必須スキルはございません！
未経験の方もまずはカジュアル面談にお越しください♪
他業種から未経験で入社して活躍しているスタッフもたくさんいます！

▍歓迎条件
個人または業務でSNSアカウントの運用経験がある方

▍期待する人物像
●チームワークを大切にでき、協調性をもって働ける方
●変化に対して柔軟な対応ができる方
●新しいことにも失敗を恐れず挑戦できる方

キャリアチェンジをお考えの方も、まずはカジュアルにお話しだけでもいかがでしょうか？

「話を聞きに行きたい」より興味があることをお知らせ頂けると嬉しいです♪

※ジャンボの正社員としての採用になります！
現在アルバイト・業務委託でのご応募は受け付けておりません。あらかじめご了承ください。
2人がこの募集を応援しています
応援する
続きを読む
会社のカルチャー
カルチャーマップ
内向的
データ志向
7
6
5
メンバー平均
感覚主義
外向的
意思決定の根拠
周囲との交流
0人のデータ
中心(0, 0)
データ志向×内向的
株式会社ジャンボのカルチャーは、周囲との交流においては外向的、意思決定の根拠においては感覚主義の傾向です。

カルチャーマップは、会社メンバーの理想の働き方や性格傾向をもとに、会社の傾向や多様性を表現したものであり、企業の文化を理解するための参考情報の一つです。近さやちがいに良し悪しはありません。

メンバーの性格タイプ
花田 尊司
社長・エンジニア
山﨑 麗奈
マーケティング
yunosuke chinen
グローバル事業部／セールスリーダー
あなたの性格タイプも見てみよう

性格診断を受けると、自分の性格と具体的な傾向がわかります。自己理解や会社傾向との比較に活用してみましょう。

性格診断とは
話を聞きに行くステップ
応募する
｢話を聞きに行きたい｣から応募
会社からの返信を待つ
話す日程を決める
話を聞きに行く
さらに詳しく
募集の特徴
オンライン面談OK

会社情報

株式会社ジャンボ
https://jambo-inc.io

2021/04に設立

54人のメンバー

海外進出している/
社長がプログラミングできる/

東京都渋谷区渋谷4-2-12 EDGE南青山4F

こんな募集もいいかも？
BtoCマーケター募集！トレカ事業全体のマーケティングをお任せします！

株式会社9

社会人2〜3年目歓迎｜広告運用から事業成長まで学べる環境です

株式会社スーア

KPIを追うだけで創意が枯れてきた｜クリエイティブと数字を両立しよう

株式会社LeMarge

とにかく美容が好き！その熱量を仕事に。美容特化のSNSマーケター募集！

株式会社MISM

おいしいを仕事に！初めてからTikTokで人気食品を広める販売クルー募集

Gastroduce Japan株式会社

売上100億円への挑戦。その中核を担う不動産営業マネージャー/課長候補募集

株式会社クレストリッチ

VC注目 急成長スタートアップを採用で支える｜パートナーセールスに挑戦

株式会社Lagomliv

動画制作×SNSマーケを学べる！撮影AD募集｜SNS動画制作に関われる

株式会社ハイボール

スポーツエンタメ系Webサービスのマーケター募集！実績０から成長できる環境

株式会社C&P

キーエンス出身メンバーによるAIスタートアップ！インサイドセールス募集！

株式会社NEXA

運用型広告コンサルタント｜海外マーケットへ日本商品の魅力を発信する

世界へボカン株式会社

北海道・東北エリア！採用クリエイティブ特化のフォトグラファー

good luck株式会社

成果主義の環境で、最短ルートで昇格できる！SNSディレクター募集

株式会社HATCH

職種から募集を探す
エンジニアリング
デザイン・アート
PM・Webディレクション
編集・ライティング
マーケティング・PR
セールス・事業開発
カスタマーサクセス・サポート
コーポレート系
コンサルティング
メディカル系

私たちについて

運営会社

ニュース

採用情報

アプリをダウンロード

Wantedly

気軽に会社訪問

Wantedly Intern

成長できるインターンと出会う

Wantedly People

あなたの活躍を共有

ビジネス向け

採用

サービス概要

|

料金表

|

導入事例

エンゲージメント

社内報

|

チームの状態

|

福利厚生

採用管理システム

機能一覧

|

導入事例

返信が必要な方はこちら
Wantedlyへの意見を送る

推奨環境

ヘルプ

利用規約

プライバシーポリシー

利用者情報の外部送信について

販売・運用代行プログラム

©2026 Wantedly, Inc.",SES営業,wantedly
株式会社ジャンボ,株式会社ジャンボの会社情報 - Wantedly,,,,東京都,https://www.wantedly.com/companies/company_725162,2026-07-03,"募集
ストーリー
無料でログイン
株式会社ジャンボ
フォロー
https://jambo-inc.io

東京都

ホーム
私たちについて
メンバー
ストーリー
募集
ミッション
価値観
メンバー
カルチャーマップ
募集
注目のストーリー
会社情報
ポートフォリオ
PASSION TO LIFE -人生に熱狂を-

ジャンボでは、
● ユーザーの方々に楽しんでもらうこと
● 同じチームのメンバーが仕事を通してより良い生活を送れるよう、サービスの利益を最大化すること
を目指しています！

失敗を恐れず、常に新しいことに挑戦し、学ぶ気持ちを忘れないことを心掛けています。

入社時はできることが少ないかもしれませんが、必ず”その人じゃなければ出来ないもの”が業務を通して見えてくるはずです。
各スタッフ、新しいことへ挑戦する大変さの中にも楽しい気持ちを持って日々仕事に励んでいます！

価値観
若手が育ちやすい
Jamboのエンジニアの9割は未経験からの挑戦。
継続的な学習とチームでのノウハウ共有、挑戦を奨励する文化のもと、若手が自信を持って成長できる環境があります。
裁量を重視し、若手をリーダーとして積極的に抜擢しています。
オープンなコミュニケーション
全員が同じフロアで働くことで、職種や役職を越えたオープンなコミュニケーションを実現しています。物理的な距離が近いことで、課題共有や解決がスピーディーになり、多様な視点からの意見交換が活発に行われます。この環境がチームの一体感を高め、自由な発想とイノベーションを生み出しています。
職種に縛られない
エンジニア・カスタマーサポート・マーケター・デザイナー、それぞれの分野を超えて、メンバー全員がマルチな能力を発揮できる環境です。色々な視点を持って取り組むことによってアイディアが生まれ、常に新しいことに挑戦しています。
安定よりリスクをとる
「Go forward まずはやってみよう！」のバリューのもと、安定より挑戦を選びます。リスクを恐れず新しいアイデアに挑み、失敗を学びとして成長し続ける文化を大切にしています。
とにかく早く動く
バリュー「Super Fast」のもと、スピードを最優先に行動します。
正確さよりもまず動き、圧倒的なスピードでやりきる姿勢を大切にしています。
最新技術
新しい技術への探求心を大切にし、積極的にインプットしています。AIをはじめとした最新ツールや技術もいち早く試し、実践を通じて活用の幅を広げる文化があります。変化を恐れず、新しいテクノロジーを味方につけて成長を続けています。
メンバー
もっと見る
花田 尊司
社長・エンジニア
はじめまして、株式会社ジャンボの代表の花田です。
愛知県出身で、お笑い芸人を目指して上京しました！

その後、未経験からエンジニアに転身し、Andorid/iO...さらに表示
開発スタッフ
花田 尊司さん
他42人
指名OKなメンバー
+6
カスタマーサクセス
橋本 怜さん
他1人
マーケティング
木暮 一貴さん
他7人
指名OKなメンバー
人事
濵田 奎さん
他2人
カルチャーマップ
内向的
データ志向
7
6
5
メンバー平均
感覚主義
外向的
意思決定の根拠
周囲との交流
0人のデータ
中心(0, 0)
データ志向×内向的
株式会社ジャンボのカルチャーは、周囲との交流においては外向的、意思決定の根拠においては感覚主義の傾向です。

カルチャーマップは、会社メンバーの理想の働き方や性格傾向をもとに、会社の傾向や多様性を表現したものであり、企業の文化を理解するための参考情報の一つです。近さやちがいに良し悪しはありません。

あなたの性格傾向も見てみよう

性格診断を受けると、自分と会社の傾向を比較しやすくなります

株式会社ジャンボ
のメンバーと気軽に話そう

Wantedly は「中の人」とつながるビジネスSNS。
興味のある話題があれば気軽に話してみよう。

募集
29件の募集を見る
マーケティング｜未経験も◎
9割が経験0入社！急成長ベンチャーでSNSマーケティングに挑戦！
話したい人を指名できる
マーケティング｜未経験も◎
ジョブチェンジ歓迎！急成長ベンチャーでマーケティングに挑戦しませんか？
話したい人を指名できる
事業会社｜広告運用｜アプリ改善
企画から改善まで！会員数1500万人の自社アプリをグロースさせるマーケター
話したい人を指名できる
注目のストーリー
もっと見る
【社員インタビュー】アパレル出身のエンジニア。｜挑戦を続けて海外事業リーダーへ

最新順で表示

【社員インタビュー】営業からマーケターへの転身。｜営業経験を武器に価値を生み出す

最新順で表示

【イベントレポート】5周年パーティー・新入社員歓迎会を開催しました！

最新順で表示

会社情報

株式会社ジャンボ

東京都渋谷区渋谷4-2-12 EDGE南青山4F

https://jambo-inc.io

2021/4 に設立

花田 尊司 が創業

54人のメンバー

海外進出している / 社長がプログラミングできる

ポートフォリオ
他のポートフォリオを見る
Jambo Tech Blog

＼JamboTechBlogをZennで開設しました！／ ▶️ https://zenn.dev/p/jambo_dev 社内エンジニアが技術の発信をしているので是非ご覧ください🖥️

【オフィスツアー】Jamboの南青山オフィスをご紹介！

＼YouTubeにてオフィスツアー動画を公開しています／ 緑が多く清潔感のあるオフィスになっています！ 自由に使えるフリースペースや、テラスもあるので開放的な空間です！ この動画では実際に働くスタッフの姿や日々の業務風景も紹介しておりますので、Jamboでの仕事の雰囲気や文化を感じされる内容になっています✨️

公式Instagram

Instagram▶️https://www.instagram.com/jambo.inc/ このアカウントでは、採用に関する内容や、社内の様子、社員インタビュー等の投稿をしています。 採用に関する有益な情報を発信しておりますので、是非ご覧ください。 また、InstagramのDMでも採用に関する質問等を承っております！ ぜひお気軽にご相談ください✨️

採用アカウント 公式X(Twitter)

公式Xを開設しました。 日々の開発活動、社内で行われる技術勉強会の様子を投稿していますので是非ご確認ください！ ➡️ https://twitter.com/jb_develop_team

類似の会社
ネイティブキャンプエドテック株式会社
東京都
世界中の人とつながる喜びを社会に伝えていきたい
コネクト株式会社
東京都
”テックキャリアを世の中のデファクトスタンダードに”
株式会社FLINTERS
東京都
データ活用でユーザー体験を豊かにする
株式会社dual&Co.
東京都
MISSION & VISION
RingZero株式会社
東京都
Always Basic, Always Happy

私たちについて

運営会社

ニュース

採用情報

アプリをダウンロード

Wantedly

気軽に会社訪問

Wantedly Intern

成長できるインターンと出会う

Wantedly People

あなたの活躍を共有

ビジネス向け

採用

サービス概要

|

料金表

|

導入事例

エンゲージメント

社内報

|

チームの状態

|

福利厚生

採用管理システム

機能一覧

|

導入事例

返信が必要な方はこちら
Wantedlyへの意見を送る

推奨環境

ヘルプ

利用規約

プライバシーポリシー

利用者情報の外部送信について

販売・運用代行プログラム

©2026 Wantedly, Inc.",SES営業,wantedly
株式会社スタッフライフ,企業のオウンドメディアで執筆！フリーライター＆編集者さんを募集!! - 株式会社スタッフライフのライターの採用 - Wantedly,契約社員,,成果を出し、正しく評価されることを大切にする。,一都三県,https://www.wantedly.com/projects/98447,2026-07-03,"募集
ストーリー
無料でログイン
ライター 編集者
974エントリー

on 2025/04/25

22,235 views

974人がエントリー中

企業のオウンドメディアで執筆！フリーライター＆編集者さんを募集!!
株式会社スタッフライフ
東京
副業・パートタイム・契約・フリーランス
話を聞きに行きたい
株式会社スタッフライフのメンバー

関屋 龍司

代表取締役

最大手音楽配信会社にて通信、動画サービスの法人営業を経て、
2009年、Webクリエイター専門の人材会社で業績、サービス全般を立直し、
2012年、スタッフライフ「活躍する人をふやす」をミッションに創業。
なにをやっているのか

技術や業務に関するテーマは積極的に共有し、全体で知見を高めています。業績や事業の状況についてもオープンに共有し、透明性の高い環境づくりを大切にしています。

渋谷Sakura Stageから徒歩3分。新たなランドマークのすぐそばにオフィスを構えています。渋谷駅からは、雨に濡れずに通えるルートもあり、アクセスの良さも魅力です。

2012年の設立以来、スタッフライフはWeb・デジタル領域において、
クリエイターやエンジニアが、力を発揮できる“場”を創出してきました。

現在、14期目を迎え、私たちは新たなフェーズに入っています。

変化の大きい時代だからこそ、「人」の可能性を信じ、
一人ひとりが価値を発揮できる環境をつくり続けていきます。

➖➖➖➖➖➖➖➖➖➖➖➖➖➖➖➖➖➖➖➖
◎ プロジェクトとのマッチング支援

「スキル × 実績」を兼ね備えた人材が、現場で即戦力として活躍。
プロジェクトごとの課題や目的に応じて、最適な人材をアサインしています。

ナショナルクライアントや知名度の高いプロジェクト、強いチームや最新技術に関わることで、実務を通じて成長スピードが高まり、強い自信となります。特徴として「開発して納品」ではなく、「一緒に開発し・支える」開発や制作運用のプロセスに入り、お客様と並走しながら支援していくイメージです。

➖➖➖➖➖➖➖➖➖➖➖➖➖➖➖➖➖➖➖➖
◎ LABO-type Solution
実績あるWebクリエイター・エンジニアとの制作・運用・システム開発

「個の力」と「チームの力」を掛け合わせ、クライアントの価値向上に貢献します。
登録クリエイターとの連携により、Webサイトの課題解決から継続的な運用改善まで一貫して支援。
あわせて、慢性的な人材リソース不足の解消にも対応しており、全国どこからでも参画できます。

https://stafflife.jp/business/webproduction

また、プロジェクトの状況に応じて（ラボ型開発やSES型など）
最適な専任チームを柔軟に組成し、継続的な価値提供を行います。
➖➖➖➖➖➖➖➖➖➖➖➖➖➖➖➖➖➖➖➖
🌿ビジョン🌿
Good Career, Good Life.
いいキャリアが、人生を変える。
私たちは、“いい人”と企業をつなぐ。

人と企業のより良い出会いが、キャリアを育み、人生の質を高めていく。
私たちは、“いい人”と企業をつなぎ、双方の価値を高め続ける存在を目指します。

■コーポレートサイト  https://stafflife.jp/ 
なぜやるのか

桜丘町の一角にある、リノベーションオフィス。ご来訪の際は「104号」をお呼び出しください。近くにはおしゃれなお店も多く、ちょっとした息抜きにも困りません。

週に2日、テレビ局案件を担当しているディレクター。気づけば何年も、バランスボールで仕事をしています。自分に合ったスタイルで働ける。スタッフライフの特徴です。

デジタル社会で活躍する人を増やす。

多様な働き方が広がる中でも、確かな“つながり”を育てていきたい。
時代が変わっても、キャリアが人生を豊かにする力は変わらない。
私たちは、その原点を大切にしています。
➖➖➖➖➖➖➖➖➖➖➖➖➖➖➖➖➖➖➖➖
私たちが大切にしていること

【１】ひとりひとりが安心して活躍できること
【２】経済的な充足を通じて、人生の選択肢を広げること
【３】雇用形態や環境にとらわれず、フェアであること
➖➖➖➖➖➖➖➖➖➖➖➖➖➖➖➖➖➖➖➖
スタッフライフでは、希望やキャリアに応じた柔軟な働き方が可能です。

やりたいことがあれば、ぜひ相談してください。
新しい事業への挑戦や、将来の独立も歓迎しています。

意欲ある方とともに成長し、
より良いキャリアと人生をつくっていけることを楽しみにしています。
どうやっているのか

オンライン打ち合わせの増加に合わせ、大画面モニターをフル活用した業務環境を整えています。専用カメラやスピーカーも完備しています。

社員・フリーランスといった雇用形態にとらわれず、フェアに働ける環境を整えています。自分のスタイルで安心して働き、力を発揮できることを大切にしています。

🌟 スタッフライフの5つの行動スタンス
※あなたらしく働くための“シンプルな指針”です。
➖➖➖➖➖➖➖➖➖➖➖➖
❶ 自分の“得意”を活かす
苦手を無理に克服するより、「得意」で価値を発揮する。

❷ まず動いてみる
考えるだけでは進まない。小さな一歩から、すべてが始まる。

❸ 出会いを大切に
その出会いが、新しいチャンスや可能性につながっていく。

❹ 働くことを楽しもう
「やらされる仕事」ではなく、「やりたい仕事」を。

❺ 稼ぐことを前向きに
成果を出し、正しく評価されることを大切にする。
➖➖➖➖➖➖➖➖➖➖➖➖

やりたい仕事との出会いは、想像もしていなかった未来を切り拓く一歩になります。
私たちは、そんな“きっかけ”を生み出す会社です。
こんなことやります

**************************

大手企業さまの、オウンドメディアやSNS、メルマガで執筆するライター＆編集さんを募集します。

大手代理店と連携し、専門性の高い記事を執筆していただきます。
また、ライターとしてだけではなくスキルによっては「編集者」として、企画・提案・原稿チェック・撮影のディレクションなどをお願いすることもあります。


≪こんな人を求めています≫
・社会人経験　必須（3年以上）
・ライター／編集者として執筆経験がある
・都内での平日日中の打ち合わせに参加できる方
　（関東在住のかた（一都三県））
・納期意識が高いかた
・報、連、相がしっかりできるかた
・得意分野がある　※分野は問いません
・柔軟に対応できるかた
・平日の日中に対応可能な方

≪案件について≫
案件ごとでのコミットが基本です。
単発から短期・長期など、案件によって詳細条件が異なります。


まずは、希望する働きかた、得意分野について
聞かせてください！
15人がこの募集を応援しています
応援する
続きを読む
話を聞きに行くステップ
応募する
｢話を聞きに行きたい｣から応募
会社からの返信を待つ
話す日程を決める
話を聞きに行く
さらに詳しく
募集の特徴
オンライン面談OK

会社情報

株式会社スタッフライフ
http://stafflife.jp

2012/09に設立

8人のメンバー

1億円以上の資金を調達済み/

東京都渋谷区桜丘町4-17-104

私たちについて

運営会社

ニュース

採用情報

アプリをダウンロード

Wantedly

気軽に会社訪問

Wantedly Intern

成長できるインターンと出会う

Wantedly People

あなたの活躍を共有

ビジネス向け

採用

サービス概要

|

料金表

|

導入事例

エンゲージメント

社内報

|

チームの状態

|

福利厚生

採用管理システム

機能一覧

|

導入事例

返信が必要な方はこちら
Wantedlyへの意見を送る

推奨環境

ヘルプ

利用規約

プライバシーポリシー

利用者情報の外部送信について

販売・運用代行プログラム

©2026 Wantedly, Inc.",SES営業,wantedly
株式会社スタッフライフ,株式会社スタッフライフの会社情報 - Wantedly,,,“いいキャリアが、人生を変える”という信念のもと、働く人の成長を支えながら、企業の成果に向き合い続けています。 努力の対価としての報酬だけでなく、人に喜ばれた結果として得られる価値。 そして、自分自身の成長や充実感に自然とつながっていくもの。そうした働き方ができたとき、「稼ぐこと」は義務やプレッシャーではなく、やりがいのある、前向きな行動に変わっていきます。実際に成果を上げている人たちは、決して「がむしゃらに」働いているわけではありません。,東京都,https://www.wantedly.com/companies/stafflife,2026-07-03,"募集
ストーリー
無料でログイン
株式会社スタッフライフ
フォロー
http://stafflife.jp

東京都

ホーム
私たちについて
メンバー
ストーリー
募集
ミッション
価値観
メンバー
募集
注目のストーリー
会社情報
ポートフォリオ
いいキャリアが、人生を変える。価値は、人と企業の出会いから。

🌿ビジョン🌿
Good Career, Good Life.
いいキャリアが、人生を変える。
私たちは、価値を共創する“人”と企業をつなぐ。

「人材 × 制作 × AI」で、デジタル案件の現場をまるごと担うクリエイティブパートナーです。
“いいキャリアが、人生を変える”という信念のもと、働く人の成長を支えながら、企業の成果に向き合い続けています。

人と企業のより良い出会いが、社会全体の価値を高めていく。私たちは、その起点であり続けます。

価値観
創造性と革新性
私たちが大切にしているのは、
🌐「もっと良くできるかも？」と考える前向きな視点と、
それをカタチにしていく一歩です。ちょっとしたひらめきが、新しい価値や仕組みにつながることもある。変化を恐れず、まずやってみる。失敗を恐れず、小さな挑戦を積み重ねる。それが、私たちの考える“創造性”と“革新性”です。現状に満足せず、誰かのために、より良い明日をつくっていく。そんな想いを、チーム全体で大切にしています。
どんどん昇進
🌐「稼ぐことを、楽しめる仕事を。」
私たちは、「稼ぐこと」にもっとポジティブな意味を込めたいと考えています。
努力の対価としての報酬だけでなく、人に喜ばれた結果として得られる価値。
そして、自分自身の成長や充実感に自然とつながっていくもの。そうした働き方ができたとき、「稼ぐこと」は義務やプレッシャーではなく、やりがいのある、前向きな行動に変わっていきます。実際に成果を上げている人たちは、決して「がむしゃらに」働いているわけではありません。
ワークアズライフ
🌐「Work as Life」── 仕事も人生の一部として、楽しむ。
仕事と生活を切り分けず、自然体で働ける環境を。私たちは、仕事とプライベートを“どちらか一方”ではなく、どちらも大切にできる働き方を目指しています。
仕事を“生活のための義務”ではなく、自分らしく生きるための一部として捉える考え方。“働きやすさ”だけでなく、“働きがい”を感じられる環境づくりにこだわります。ひとり一人が自分らしく活躍し、今日という一日を前向きに過ごせるように。

メンバーの多様性
整えて自然体に。
違いがあるから、おもしろい。
スタッフライフには、さまざまな経歴や価値観を持つ人が集まっています。それぞれの強みや視点があるからこそ、ひとつの正解にとらわれず、新しい価値を生み出せる。誰かと同じでなくていい。
自分だけの経験や個性が、ここではちゃんと活きる。
時間や場所に縛られない
働くことは、ずっと続いていくものだから。時間も、場所も、働き方も、ライフステージに合わせて、柔軟であっていい。
自分らしく働けるからこそ、長く続けられるし、心から「仕事が好き」と思えるようになる。
スタッフライフは、そんな“自由な働き方”を大切にしています。
ワークライフバランス
ワークも、ライフも、どちらかを犠牲にしない働き方を。私たちは「仕事か、プライベートか」ではなく、どちらも大切にできる働き方を目指しています。

しっかり働き、しっかり休む。
そのバランスがあってこそ、長く、前向きに働ける。柔軟に調整できる環境と、支え合えるチームで、一人ひとりが“自分らしく働ける”ことを大切にしています。
メンバー
もっと見る
関屋 龍司
代表取締役
大手音楽放送会社にて、有線放送や各種ネットサービスのリテール営業に従事。本社異動後は、光ファイバー導入マンション提案を商社・大手ゼネコンで実績を上げる。その後、...さらに表示
株式会社スタッフライフ
のメンバーと気軽に話そう

Wantedly は「中の人」とつながるビジネスSNS。
興味のある話題があれば気軽に話してみよう。

募集
105件の募集を見る
撮影ディレクター・フリーランス
ECサイト用画像の撮影ディレクター募集！
PM／PL・フリーランス
プロジェクトを牽引するPM・PL募集｜上流工程でキャリアを広げる
SE/プログラマー・フリーランス
SE /プログラマー募集！これまでのシステム開発経験を活かすことができる
注目のストーリー
もっと見る
【社員インタビュー】ワークライフバランスを保ちながら、エンジニアとして成長し続ける働き方

最新順で表示

“伝える”から“つなぐ”へ──テレビ業界出身者が描く、新しいキャリアのかたち

最新順で表示

【社員インタビュー】変化を恐れず、Webディレクターとして挑戦し続ける私の今

最新順で表示

会社情報

株式会社スタッフライフ

東京都渋谷区桜丘町4-17 PORTAL Apartment & Art POINT #104

http://stafflife.jp

2012/9 に設立

関屋 龍司 が創業

8人のメンバー

1億円以上の資金を調達済み

ポートフォリオ
他のポートフォリオを見る
樂園百貨店（らくえん）ResortDepartmentStore @okinawa

沖縄県唯一の百貨店（株式会社リウボウインダストリー）　 デパートリウボウの自主編集ブランドをトータルプロデュース ・コンセプト ・ロゴ／ブランド ・Webコミュニケーション ・POPUP店舗設計

類似の会社
株式会社メンバーズ
東京都
“MEMBERSHIP”で、心豊かな社会を創る
未知株式会社
大阪府
『人』と『企業』にとことん向き合い、可能性を開花させていく。
株式会社クリエイターズマッチ
東京都
Always with Creators
株式会社ストロボ
東京都
クライアントにとって唯一無二の存在に
株式会社foriio
東京都
個のクリエイターのエンパワーメント

私たちについて

運営会社

ニュース

採用情報

アプリをダウンロード

Wantedly

気軽に会社訪問

Wantedly Intern

成長できるインターンと出会う

Wantedly People

あなたの活躍を共有

ビジネス向け

採用

サービス概要

|

料金表

|

導入事例

エンゲージメント

社内報

|

チームの状態

|

福利厚生

採用管理システム

機能一覧

|

導入事例

返信が必要な方はこちら
Wantedlyへの意見を送る

推奨環境

ヘルプ

利用規約

プライバシーポリシー

利用者情報の外部送信について

販売・運用代行プログラム

©2026 Wantedly, Inc.",SES営業,wantedly
株式会社Delight,営業に興味がある学生さん募集！！長期インターンで圧倒的に成長しましょう！ - 株式会社Delightの法人営業の採用 - Wantedly,契約社員,,ブランディング・採用成功まで継続的に成果を生むSNS活用を支援します。 実際に、新卒や未経験からスタートしたメンバーも、この環境で視座を高め、トップレベルの成果を出す事業家へと急成長しています。,大阪府,https://www.wantedly.com/projects/1653318,2026-07-03,"募集
ストーリー
無料でログイン
長期インターン
学生インターン
246エントリー

on 2025/07/27

6,777 views

246人がエントリー中

営業に興味がある学生さん募集！！長期インターンで圧倒的に成長しましょう！
株式会社Delight
大阪
学生インターン
話を聞きに行きたい
株式会社Delightのメンバー

新井 崇徳

代表取締役社長

平田 もも

統括部長

開原 瞳美

下川 卓也

株式会社Delight代表。1995年生まれ。29歳。
サッカー選手を目指すも怪我をし、手術し断念。
早稲田大学入学辞退→上場企業の起業プロジェクト→最年少、唯一の21歳で独立。
なにをやっているのか

ビジョン「仕事が楽しいと思えるビジネスパーソンの輩出企業」

■AIスカウト・採用コンサルティング事業
自社サービスのHR×SaaS、ダイレクトリクルーティングのAIスカウト事業で
本質的な採用のマッチングを提供しています。
ツールの提供にのみならず数百社の採用支援してきた経験を元に採用コンサルティング・　RPO
などお客様のニーズに合わせて採用全般の課題解決の企画提案を行なっています。

■SNS運用代行事業
TikTok・Instagram・YouTubeの運用を一括で代行しています。
企画・撮影・編集・投稿・改善までを担い、
ブランディング・採用成功まで継続的に成果を生むSNS活用を支援します。
なぜやるのか

上場企業で最年少起業を果たした代表の新井です！

【仕事が楽しいと思えるビジネスパーソンの輩出企業へ】

思い出してみてください。
胸が熱く高鳴る青春の日々。

「大人になったら、学生の時みたいに勉強やスポーツに夢中になれることなんてない。」
そんな風に思っていませんか？

僕たちは仕事に熱中し、仕事ほど楽しいものはないと思っています。

それは楽な仕事をしているからでは一切なく、辛いこともしんどいことも沢山ありますが
全員が同じ目標に向かって努力し、それを達成する。

こんな経験こそが私たちの人生を豊かにしてくれると思っています。

私たちのVISIONは「仕事が楽しいと思えるビジネスパーソンの輩出企業へ」

人生の大半の時間は仕事が占めています。
もし人生の大半を占める仕事を楽しめれば、人生が幸せになります。

たった一度きりの人生、部活動のように仕事に熱中できる環境で切磋琢磨しませんか？

↓起業ストーリはこちら↓
https://www.wantedly.com/companies/delight21/post_articles/337343
どうやっているのか

女性メンバーです！

皆で社長27歳の誕生日をお祝いしました！

【圧倒的な裁量権】
各事業部の事業責任者は全員20代が務めており、経営の意思決定や戦略の決定も自分達で決めているので創業メンバーのような立ち位置で会社を動かしていける醍醐味があります。

自分の意思と権限で裁量を持って働くことが「仕事が楽しい」に繋がると考えています。

実際に1年目から子会社社長を任されたメンバーもいます！

【部活動のように仕事に熱中できる環境】
仲間と共に切磋琢磨し、苦しい時も嬉しい時も熱量を持って仕事をできる部活動のような環境です！

スポーツと同じように誰かが契約を取ったら、自分ごとのように喜ぶ。
私たちはそんな会社を目指しています。

部活動のような雰囲気でメンバー全員が、仕事を楽しんでいます。

【成長に本気で向き合うフィードバック】
Delightでは職種・年次に関係なく、一人ひとりの成長に本気で向き合います。

単なる業務スキルだけでなく、「ビジネスをどう動かすか」「プロフェッショナルとしての基準値はどこか」といった本質的な視点を上場企業最年少起業の代表や事業責任者より学ぶことができます。 

実際に、新卒や未経験からスタートしたメンバーも、この環境で視座を高め、トップレベルの成果を出す事業家へと急成長しています。

だから「なんとなく働く」ではなく、「成長している実感」を持って働ける環境です！
こんなことやります
「学生生活なにも出来ていない…」
「何かに熱中したい！」
「新しいことに挑戦したい！」

こんな思いを抱えている学生の皆様へ
上場企業から過去最年少の21歳で起業した社長が率いるDelightを見ていきませんか！？

Delightのインターンはすべての業務を社員と同じ裁量でお任せするので、短期のインターンでは実現できない
実務経験を積んで、自身を成長させることができます！
営業成績次第では、マネジメント、コーポレート、新規事業立ち上げ等の仕事もお任せしているので、様々な業務の職種研究もできます！

Delightのインターンに参加し、圧倒的な自己成長し、最高のスタートダッシュを切りましょう！

※採用直結型の長期インターンです！
※26卒の学生さんも今からでも全然遅くないです！！
【業務内容】
営業職
・営業支援事業

【Delightで働く魅力】
魅力① 圧倒的な営業力を身につけられる
新規営業を経験してもらうことによって圧倒的な個人の能力である営業力を身につけることが可能です。圧倒的な営業力さえあれば、今後、どこの会社でも活躍できる人材になれます！

魅力② 若いうちからマネジメントを経験できる
Delightではインターンとして働いてそこで結果が出れば責任者として入社してもらルートもあります。
新卒一年目で部下を持つチャンスがあるのはDelightならではです！

魅力③ 会社の中心として働ける
Delightではインターン生も全体会議に参加できるなど、裁量を持って会社の中心として働いていただけます！あなたが主役として会社を大きくできるのです！

【こんな人を求めてます！】
・部活動のように何かに熱中して働きたい人
・歴史に残る会社を作りたい人
・第二の青春を味わいたい人
・新卒でトップ1％のビジネスパーソンになりたい人

実際にDelightで働いているメンバーの雰囲気がどうなのか知りたいからはぜひこちらのストーリーをご覧ください！
【下剋上！？】誰よりもセンスがないと言われていたメンバーが新卒2年目で責任者に昇格したストーリー
https://www.wantedly.com/companies/delight21/post_articles/917155
【26卒内定者blog】地方インターン制度を立ち上げ、内定者で売上1位！？Delightの歴史を変えたストーリー
https://www.wantedly.com/companies/delight21/post_articles/969904

平均年齢は24歳
Delightは圧倒的な若さと営業力を武器に21世紀の歴史に残る企業なります！

そのためにあなたの力を貸していただけませんか？

歴史の1ページとして名を刻みたいあなたのご応募をお待ちしております！
21人がこの募集を応援しています
応援する
続きを読む
話を聞きに行くステップ
応募する
｢話を聞きに行きたい｣から応募
会社からの返信を待つ
話す日程を決める
話を聞きに行く
さらに詳しく
募集の特徴
オンライン面談OK

会社情報

株式会社Delight
https://delight21.co.jp

2017/03に設立

30人のメンバー

大阪府大阪市北区中崎西2-4-43　 山本ビル梅田6階

こんな募集もいいかも？
ハイレベルセールス×コンサルに挑戦し、圧倒的に成長したい学生募集中！

株式会社b&q

これから始める人も、もう教えられる人も。第2創業期を共に歩む仲間を募集！

株式会社Workout Community

英語力不問｜日本最大級の教育旅行AX事業でロンドン拠点を立ち上候補者募集！

株式会社ブルード

新卒募集！毎年150%成長しているベンチャーで働きませんか？

株式会社Delight

長期インターン｜就活で生きるガクチカエピソードをつくりたい学生募集！

ダイナミックプラス株式会社

数字の背景まで考えたいなら｜自ら事業を動かす側へ回ろう！

株式会社プラーナ

プロ直伝の思考法 地頭を鍛え、世界で通じる思考力を手に入れる

株式会社AZ ONE GROUP

SNSが好きなら誰でもOK｜TikTok・Instagramを仕掛ける側に

株式会社TAiNER

急成長スタートアップでキャリアを磨く！派遣コーディネーター募集

株式会社ツナグバ

SNSの力で予防歯科をもっと身近に➖企画から発信まで担うクリエイター募集

株式会社ハーモニー

代々木　人と企業を繋ぎ誰かの笑顔を生み出す人材コーディネーターの募集！

株式会社H4

割れないうつわを、もっと多くの人へ届ける。マーケティングインターン

石川樹脂工業株式会社

ガクチカのないあなたへ！学生運営のベンチャー企業で長期インターン！

株式会社STORY CAREER

職種から募集を探す
エンジニアリング
デザイン・アート
PM・Webディレクション
編集・ライティング
マーケティング・PR
セールス・事業開発
カスタマーサクセス・サポート
コーポレート系
コンサルティング

私たちについて

運営会社

ニュース

採用情報

アプリをダウンロード

Wantedly

気軽に会社訪問

Wantedly Intern

成長できるインターンと出会う

Wantedly People

あなたの活躍を共有

ビジネス向け

採用

サービス概要

|

料金表

|

導入事例

エンゲージメント

社内報

|

チームの状態

|

福利厚生

採用管理システム

機能一覧

|

導入事例

返信が必要な方はこちら
Wantedlyへの意見を送る

推奨環境

ヘルプ

利用規約

プライバシーポリシー

利用者情報の外部送信について

販売・運用代行プログラム

©2026 Wantedly, Inc.",SES営業,wantedly
株式会社Delight,株式会社Delightの会社情報 - Wantedly,,,5．成果に本気で向き合えるからこそ、仕事に前向きにのめり込める環境です！,東京都,https://www.wantedly.com/companies/delight21,2026-07-03,"募集
ストーリー
無料でログイン
株式会社Delight
フォロー
https://delight21.co.jp

東京都

ホーム
私たちについて
メンバー
ストーリー
募集
ミッション
価値観
メンバー
募集
注目のストーリー
会社情報
仕事が""楽しい""と思えるビジネスパーソンの輩出企業へ

【 株式会社Delightが「反則級」と言われる5つの理由 】

1．圧倒的な営業が身について、売れないものがなくなってしまうような環境です！
2．裁量を持って働くことが前提なので、他の会社に物足りなさを感じるかもしれません！
3．仕事に熱い仲間が揃っており、全国優勝を本気で目指す部活動のような環境を体感できます！
4．21世紀を代表する会社を目指す過程に、当事者として深く関われます！
5．成果に本気で向き合えるからこそ、仕事に前向きにのめり込める環境です！


価値観
どんどん昇進
圧倒的な裁量権を持って働けます。
25歳で事業部長となり部下10名以上もつメンバーや新卒1年目で子会社の社長を任されたメンバーもいます。
「結果を残せば次のステージを準備する」
これが私たちが会社としてできることだと思っています。

若手が育ちやすい
平均年齢は25歳。代表は30代前半。まだ創立8年目の若い会社です。
あなたの意見が会社に直接的な影響を与えられるチャンスがたくさんあります。
若くても裁量を持って圧倒的に打席に立つチャンスがあります。
後はあなたがバットを振るかどうかです。
臆せず打席に立って、ホームランを打てる人お待ちしております。

失敗を恐れない
「失敗を恐れず高い目標を掲げ、チャレンジし続ける」
失敗からでしか学べないことはたくさんあります。失敗を恐れず常に挑戦し続け、そこから圧倒的なスピードで学べる企業を目指しています。
フラットな組織
年齢、性別、入社歴関係なく結果を出せばマネジメント側に回れます。
1年目でも、責任者として会社に影響を持つことができます。
入社してすぐでも会社のこれからを決める意見を言えるチャンスがあります。年齢関係なく、意見を言える風通しの良い会社を目指しています。

ワークアズライフ
人生の大半を占める「仕事」
仕事を楽しむことができれば人生は楽しい、私たちはそう本気で思っています。
とはいえ、もちろん仕事にはしんどいことや辛いことがあります。
しかし「辛い」「しんどい」そう思った時、どうやったら仕事を楽しいと思えるのかを工夫すれば、思いがけない急成長が待っているはずです。
私たちと仕事を楽しみましょう。
チーム最優先
Delightは、個人プレーではなくチームで勝つことを本気で目指す会社です。
仲間と切磋琢磨し、同じ目標に向かって高い基準で挑戦し続ける。楽しいから集まるのではなく、勝ちにいく過程そのものを楽しめる。
全国優勝を本気で狙う部活動のような熱量が、日常にあります。
メンバー
もっと見る
平田 もも
統括部長
株式会社Delight     

■現在27歳
■京都府出身
■統括部長
■小学校〜大学生までバスケットボール

働くならバスケと同じか、それ以上にワクワクで...さらに表示
株式会社Delight
のメンバーと気軽に話そう

Wantedly は「中の人」とつながるビジネスSNS。
興味のある話題があれば気軽に話してみよう。

募集
215件の募集を見る
カスタマーサクセス・サポート・フリーランス
採用サイト・求人ボックスの運用担当を募集中！
RPOディレクター・フリーランス
柔軟な働き方が叶うRPOディレクター
長期インターン・営業職・学生インターン
就活で役立つこと間違いなし！超実践型の長期インターンで成長しませんか？
注目のストーリー
もっと見る
帰ってきた大将軍！他社を経験したから断言できる、Delightが選ばれる理由

最新順で表示

カスタマーサクセス事業立ち上げ！会社の採用に向き合い続け、マネジャーへ昇格するまでの軌跡

最新順で表示

新卒2年目で数千万円の予算を任された理由—「マーケ組織立ち上げ」の舞台裏とは？

最新順で表示

会社情報

株式会社Delight

〒170-0013 東京都豊島区東池袋3丁目22-17 東池袋セントラルプレイス3F

https://delight21.co.jp

2017/3 に設立

新井崇徳 が創業

30人のメンバー

類似の会社
株式会社hypex
東京都
多様な人材の活躍を促進し、個人と社会を豊かにしていく
株式会社Emooove
東京都
営業の飛躍を、“データ×AI×専門性×実行力”で。
Acroforce株式会社
東京都
一人ひとりが自らのモノサシで幸せを追求できる社会をつくる。
株式会社プロパゲート
東京都
挑戦者の価値を届ける会社
JOKER'S株式会社
東京都
SNSを起点に、挑戦を事業へ変え続ける

私たちについて

運営会社

ニュース

採用情報

アプリをダウンロード

Wantedly

気軽に会社訪問

Wantedly Intern

成長できるインターンと出会う

Wantedly People

あなたの活躍を共有

ビジネス向け

採用

サービス概要

|

料金表

|

導入事例

エンゲージメント

社内報

|

チームの状態

|

福利厚生

採用管理システム

機能一覧

|

導入事例

返信が必要な方はこちら
Wantedlyへの意見を送る

推奨環境

ヘルプ

利用規約

プライバシーポリシー

利用者情報の外部送信について

販売・運用代行プログラム

©2026 Wantedly, Inc.",SES営業,wantedly
株式会社scelta,クリエイティブ好き必見！広告デザイン×WEBデザインのお仕事 - 株式会社sceltaのグラフィックデザイナーの採用 - Wantedly,,,,日長崎県,https://www.wantedly.com/projects/2207648,2026-07-03,"募集
ストーリー
無料でログイン
webデザイン・グラフィック
学生インターン
59エントリー

on 2026/06/02

1,727 views

59人がエントリー中

クリエイティブ好き必見！広告デザイン×WEBデザインのお仕事
株式会社scelta
福岡
学生インターン
話を聞きに行きたい
株式会社sceltaのメンバー

焼本 千里

デザイナー

萩尾 瑠偉

営業部

立石 龍斗

代表取締役

1999年1月4日長崎県島原市で出身。
高校卒業後、兵庫県立大学へ進学。
大学卒業後、食品メーカーの営業として就職。
デザインがもたらす様々な影響に魅力を感じ、
約2年半勤めた会社を退職、職業訓練で５ヶ月間WEBデザインを学ぶ。
1日も早く１人前のWEBデザイナーになるために、
自分の力量が会社に大きく影響する出来立てほやほやの株式会社sceltaに応募。
2024年3月26日入社。デザイン担当。
Ｂ型　ENFP(運動家)　ポジティブ人間

未経験で先輩デザイナーがいない環境を選んだ理由

焼本 千里さんのストーリー

なにをやっているのか

初めまして！
今、この募集を見ているあなたは「周りと差をつけたい」「将来が不安」など、成長意欲や劣等感があるんだと思います。
sceltaはそんなあなたを応援し、『一緒に成長する』会社です！

sceltaでは、ペット用品、ベビー・キッズ用品、健康食品、化粧品、食品、雑貨など幅広いジャンルの商材を販売する会社です！

約1年前に創業した会社で現在平均年齢24歳の7名で活動をしているITベンチャー企業です！
今回、事業拡大の為デザイナーのインターン生募集しています！
※ご応募される際は必ず、顔がはっきりわかるアイコンの設定をお願いします。

【具体的な仕事内容】
・デザイナー
→バナー作成・商品ページ作成・LP制作・動画制作・POP制作・企画提案
なぜやるのか

sceltaに関わる全ての方が「sceltaを選んでよかった」と思える会社づくりを行っています。

大人になると1日約8時間は働く
どうせ人生の3分の1の時間を仕事につかうなら『楽しく』したいと思っています！
『楽しく』毎日を過ごすためには、充実感や達成感が必要です。
sceltaではチームと共に成長する『充実感』、どんな商品や事業でも結果を出すことで得られる『達成感』を大事にしています。
どうやっているのか
sceltaは、個人の成長が組織の成長につながると考えています。
そのために下記の3つを大事にしています。
・主体性
→もし仮に、あなたがご両親から「○社」に就職しなさいと言われ、就職したとします。
　でも自分の思っていた環境や待遇ではなく、不満が出ると「親が○社に就職しなさい」と言ったからと、　
　つい「他人の責任」にしてしまうかと思います。
　ですが「他人の責任」にした所で何も解決できないと思います。
　
　sceltaでは、「わたしが」選んだ、行動した、と責任を持つことで成長ができ
　自由な選択することができると思っております。

・柔軟性
→この変化が激しい世の中で勝ち続けるためには、柔軟性が必要だと思っております。
　自分の過ちを認め、変化する「無駄なプライド」を捨てることを大事にしてます！
　感謝や謝罪を誠実にできる貴重な人財を創出します。

・好奇心
→人の成長は興味から始まる物だと思います。
　なんでこんなに美味しんだろう、そんな些細なきっかけから料理にハマる人
　〇〇さんから教えてもらった映画のどこが面白いのかな？そんな興味から映画が好きになる。
　なんでこの商品ってこんな売れているんだろう？そこからマーケターになる人
　気になるからこそ、人は聞き流している情報でもなぜか覚えている。気になる。
　それは、一緒に働く仲間や仕事内容に関してでも同じ原則だと思います。
　そんな興味のきっかけがsceltaであればいいなと。。。。
こんなことやります
インターン生にはこんなことを行ってもらいます！

▶️デザイナー（1名採用予定）
→バナー作成・商品ページ作成・LP制作・動画制作・POP制作・企画提案

【歓迎スキル】
Illustrator・Photoshopの使用経験（使い方がわかればOK）

【身につくスキル】
・Illustrator・Photoshopの実用的な操作スキル
・売れるデザインの実践スキル
・将来フリーランスや独立した時に役立つ、マーケティングスキル

【こんな人におすすめ！】
・マーケティングスキルがあるデザイナーになりたい人
・チームで目標達成に向けて頑張れる方
・周りと差をつけたい方！
・将来独立したい！

どのようなスキルを習得してきたかよりも、これからどのような人になっていきたいのか、どんなことをやってみたいのかという、一人ひとりの「未来」を重視しています。
私たちの事業に興味を持っていただけたなら、まずはざっくばらんにお話してみませんか？
「話を聞きにいきたい」ボタンからのエントリーをお待ちしています！
0人がこの募集を応援しています
応援する
続きを読む
会社のカルチャー
カルチャーマップ
内向的
データ志向
メンバー平均
感覚主義
外向的
意思決定の根拠
周囲との交流
0人のデータ
中心(0, 0)
データ志向×内向的
株式会社sceltaのカルチャーは、周囲との交流においては外向的、意思決定の根拠においては感覚主義の傾向です。

カルチャーマップは、会社メンバーの理想の働き方や性格傾向をもとに、会社の傾向や多様性を表現したものであり、企業の文化を理解するための参考情報の一つです。近さやちがいに良し悪しはありません。

メンバーの性格タイプ
焼本 千里
デザイナー
萩尾 瑠偉
営業部
立石 龍斗
代表取締役
あなたの性格タイプも見てみよう

性格診断を受けると、自分の性格と具体的な傾向がわかります。自己理解や会社傾向との比較に活用してみましょう。

性格診断とは
話を聞きに行くステップ
応募する
｢話を聞きに行きたい｣から応募
会社からの返信を待つ
話す日程を決める
話を聞きに行く
さらに詳しく
募集の特徴
オンライン面談OK

会社情報

株式会社scelta
https://www.wantedly.com/companies/company_7786094

2024/09に設立

8人のメンバー

社長が20代/

福岡市中央区天神2-3-36 ibb fukuoka 303

こんな募集もいいかも？
取締役直下！SNS・プロモーションを構造から考える長期インターン！

C Channel株式会社

社会課題を解決しグループの成長を支える人事。複数名採用で強みを活かす！

株式会社ネットアーツ

26年卒　美大、芸大出身歓迎！クリエイティブ職のアソシエイトを募集！

株式会社kiwami

コミュ力を武器にIT業界へ！適性に合わせたポジションを提案します！

株式会社クリエイティブリソースインスティチュート

WEBマーケティングを駆使したメディア運営と広告事業！新ディレクター募集

ちゅくる株式会社

盤石な基盤を使って暮らしの日用雑貨ブランドを、ゼロから立ち上げる

株式会社Roots

0→1の現場で挑戦！観光スタートアップで最前線で圧倒的に成長したい学生へ！

Mediabound株式会社

長期インターンからの新卒採用|コスメ・ホビーのEC運営インターンを募集！

ライフスタイルカンパニー株式会社

⭐︎学生のうちにマーケティングの現場を体験⭐︎アパレル業界インターン

株式会社ICEONE

継続10年以上のクライアント事業の成長支援を担う広告運用＆マーケター募集！

インターネット・ビジネス・フロンティア株式会社

プロモーション・イベント企画に興味のある方へ│制作ディレクター募集してます

G.D.inc.株式会社

ブランドを共に作り上げる！デザイナーインターン募集！

株式会社cactuz

Happy staff make happy customers仕事楽しむ

株式会社TAM

職種から募集を探す
エンジニアリング
デザイン・アート
PM・Webディレクション
編集・ライティング
マーケティング・PR
セールス・事業開発
カスタマーサクセス・サポート
コーポレート系
コンサルティング

私たちについて

運営会社

ニュース

採用情報

アプリをダウンロード

Wantedly

気軽に会社訪問

Wantedly Intern

成長できるインターンと出会う

Wantedly People

あなたの活躍を共有

ビジネス向け

採用

サービス概要

|

料金表

|

導入事例

エンゲージメント

社内報

|

チームの状態

|

福利厚生

採用管理システム

機能一覧

|

導入事例

返信が必要な方はこちら
Wantedlyへの意見を送る

推奨環境

ヘルプ

利用規約

プライバシーポリシー

利用者情報の外部送信について

販売・運用代行プログラム

©2026 Wantedly, Inc.",SES営業,wantedly
株式会社scelta,株式会社sceltaの会社情報 - Wantedly,,,,福岡県,https://www.wantedly.com/companies/company_7786094,2026-07-03,"募集
ストーリー
無料でログイン
株式会社scelta
フォロー
https://www.wantedly.com/companies/company_7786094

福岡県

ホーム
私たちについて
メンバー
ストーリー
募集
ミッション
価値観
メンバー
カルチャーマップ
募集
注目のストーリー
会社情報
ジブン色で夢中になれる社会へ

sceltaはジブン色をとても大事にしています。
ジブン色：他者から評価や承認を得なくても、勝手にやっている事
ジブン色を活かし、お客様、社会、自社の貢献・価値提供できるポイントはどこか。
自分の個性を活かして人の役に立てる事で人生により彩が生まれると考えます。

価値観
個人 > 会社
なぜ会社より個人を優先するのか？
組織が成長するタイミングは個人が成長した時であることがほとんど。
個人の意識や姿勢が変われば、個人が成長し組織も成長する。
sceltaは組織の1人1人と社員としてではなく1人の人間として関わっています。
あなたの大切な物を同じように大切にします。
若手が育ちやすい
sceltaは学生であっても社会人であっても、成人している人は年齢問わず、
「1人の大人」として接します。
若手が育たない会社に多い傾向は、「嫌われたくない人」が多く居る事だと思います。
sceltaでは、本気で人の成長を考え本当の優しさを追求します。
「一時的には嫌われる」かもしれないですが、厳しい発言もしっかりします。
「勇気ある行動」を評価し、自立した組織を目指し続けます。
フラットな組織
sceltaは上と下で構築される組織ではなく、前と後で構築される組織を創ります。
最前線を走り続ける事で与える影響力を大事にしています。
学生でも、若者でも、すごい実績を持った30歳でも平等な組織です。
あなたの感性を生かしたアイデアを待っています。
オープンなコミュニケーション
情報の透明化
これは組織内の信頼関係の構築や協力体制、色々な物事において、なくてはならない物だと思っているので大事にしてます。
個人の強みをあわせ相乗効果を組織内外で生み出します。
失敗を恐れない
sceltaはチャレンジを評価します。
チャレンジするきっかけ作りを行います。
「成功は再現性が低く、失敗は再現性が高い」
チャレンジし続け最前線を走る組織を創ります。
インターン歓迎
大学生は社会人に比べ、日々たくさんの刺激を受けていると思います。それもそのはず。
社会人は家と会社の往復がほとんどで刺激が少ない方が多いんです。
だからこそ、今の大学生のときにしかない感性を使える場を与えたいと思っています。
決して楽なインターンでも無ければ、
バイト感覚で来るインターンでも無いです。
sceltaで働くということは「1人の大人」として関わるので、「大学生だから」という言い訳も接し方もないです。
自分の成長に時間を投資できる学生を募集しています。今の夢や目標を聞かせてください。
メンバー
もっと見る
立石 龍斗
代表取締役
2000年4月8日生まれ。
2023年9月6日に株式会社scelta創業。
amazon運用担当。
工業高校卒業後、地元長崎（佐世保）の板金工場へ入社、作業員と...さらに表示
カルチャーマップ
内向的
データ志向
メンバー平均
感覚主義
外向的
意思決定の根拠
周囲との交流
0人のデータ
中心(0, 0)
データ志向×内向的
株式会社sceltaのカルチャーは、周囲との交流においては外向的、意思決定の根拠においては感覚主義の傾向です。

カルチャーマップは、会社メンバーの理想の働き方や性格傾向をもとに、会社の傾向や多様性を表現したものであり、企業の文化を理解するための参考情報の一つです。近さやちがいに良し悪しはありません。

あなたの性格傾向も見てみよう

性格診断を受けると、自分と会社の傾向を比較しやすくなります

株式会社scelta
のメンバーと気軽に話そう

Wantedly は「中の人」とつながるビジネスSNS。
興味のある話題があれば気軽に話してみよう。

募集
31件の募集を見る
Webマーケティング
成長×成長｜ものを売る力が身につくAmazonアカウントマネージャー募集
Amazon広告運用
戦略立案から実行まで一気通貫で市場を切り拓くマーケターWanted!!
話したい人を指名できる
法人営業・学生インターン
福岡｜平均年齢25歳の急成長ベンチャーで、圧倒的な自分を掴む営業インターン
注目のストーリー
もっと見る
sceltaに入社して1年、私の心境の変化

最新順で表示

sceltaに入社した理由

最新順で表示

内定を辞退してsceltaを選んだ理由

最新順で表示

会社情報

株式会社scelta

福岡県福岡市中央区天神2-3-36 ibb fukuoka 303

https://www.wantedly.com/companies/company_7786094

2024/9 に設立

立石　龍斗 が創業

8人のメンバー

社長が20代

類似の会社
株式会社prisma
福岡県
得意が見つかり、得意が極められ、得意が価値になる
株式会社オモヤ
福岡県
わたしはわたしであり続ける。そしてみんなですごい事しちゃう
株式会社スパイスボックス
コミュニケーションによって、人々の多様な幸せに貢献する。
オーガニックグループ株式会社
東京都
単一事業に縛られない幅広い事業展開を推進
bfj株式会社
東京都
日本の産業界をアップデートできるビジネス人財を育てたい！

私たちについて

運営会社

ニュース

採用情報

アプリをダウンロード

Wantedly

気軽に会社訪問

Wantedly Intern

成長できるインターンと出会う

Wantedly People

あなたの活躍を共有

ビジネス向け

採用

サービス概要

|

料金表

|

導入事例

エンゲージメント

社内報

|

チームの状態

|

福利厚生

採用管理システム

機能一覧

|

導入事例

返信が必要な方はこちら
Wantedlyへの意見を送る

推奨環境

ヘルプ

利用規約

プライバシーポリシー

利用者情報の外部送信について

販売・運用代行プログラム

©2026 Wantedly, Inc.",SES営業,wantedly
株式会社nori・nori,株式会社nori・noriの会社情報 - Wantedly,,,悩みや課題は隠すものではなく、今より良くなるためのヒントです。だからこそ早めに吐き出し、チームで一緒に考える。嬉しいことや成果はみんなで共有し、次の挑戦につなげます。 会社が成長したときは、その成果をメンバーにも還元します。報酬や評価の仕組みも、成長に合わせて整えていきます。 私たちの行動指針は「まず仮説を立てて動く」です。正解がないスタートアップだからこそ、挑戦の数だけ学びがあります。うまくいかなかった経験も、次の打ち手を見つける貴重なデータです。試して、振り返り、改善する。その積み重ねが成果につながると考えています。,神奈川県,https://www.wantedly.com/companies/nori_nori_bus,2026-07-03,"募集
ストーリー
無料でログイン
株式会社nori・nori
フォロー
https://nori-nori.co.jp

神奈川県

ホーム
私たちについて
メンバー
ストーリー
募集
ミッション
価値観
メンバー
募集
会社情報
新しい""当たり前""を形にし、明日がもっと楽しみな社会を創る

私たちは、「貸切バスのタイムシェア」という新しい移動のかたちで、地域社会の可能性を広げます。

単に人やサービスを運ぶのではなく、移動を通じて地域社会の絆を深め、必要な人に必要なサービスが確実に届くよう、人と人、地域と地域を結ぶ架け橋となります。

保育園の遠足、従業員の通勤、高齢者の外出――人数がまとまると、移動の選択肢が極端に狭まります。

バスという既存の資産を、アイデアで活かす。移動の不自由をなくし、子どもたちの行動範囲が広がる。地域の暮らしがもっと自由になる社会を、横浜・川崎から創っていきます。

価値観
フラットな組織
代表直下、少人数のスタートアップだからこそ、肩書きや立場に関係なく意見を出せる環境です。

ただし「フラット」とは、自由に発言できるだけの意味ではありません。自由には責任も伴います。言われたことだけをやる組織でも、口だけで行動しない姿勢でも違います。

一人ひとりが自ら考え、決め、行動する。代表も含めて全員が対等な立場で、貸切バスのタイムシェアという新しいサービスの実装に全力を尽くす組織でありたいと考えています。現場に近い声が、そのまま事業の進め方に反映される。スピード感と当事者意識のあるチームです。
オープンなコミュニケーション
困っていることや上手くいっていないことを、一人で抱え込まないことを大切にしています。

悩みや課題は隠すものではなく、今より良くなるためのヒントです。だからこそ早めに吐き出し、チームで一緒に考える。嬉しいことや成果はみんなで共有し、次の挑戦につなげます。

良い意味で、改善できる課題が山積みのスタートアップです。率直に意見を交わしながら、全員で一緒に会社を作り上げていきたいと考えています。

会社が成長したときは、その成果をメンバーにも還元します。報酬や評価の仕組みも、成長に合わせて整えていきます。
ワークアズライフ
社内には育児中のメンバーや、副業・複業でジョインしている仲間がいます。代表自身も現在子育て中です。

さまざまな事情や生活背景を持つ人たちが、本業や家庭と無理なく両立しながら働けることを前提にしています。

一方で、ただ「無理をしない」働き方を目指すわけではありません。自分の人生に仕事が自然に入り込み、仕事を通じて人生そのものが楽しくなる。そんな世界観を理想としています。

NORI・NORIには、ノリノリ・イキイキと仕事に向き合い、生活も大切にしながら新サービスづくりに熱中するメンバーが集まっています。
失敗を恐れない
私たちの行動指針は「まず仮説を立てて動く」です。正解がないスタートアップだからこそ、挑戦の数だけ学びがあります。うまくいかなかった経験も、次の打ち手を見つける貴重なデータです。試して、振り返り、改善する。その積み重ねが成果につながると考えています。

今は行動しないことが最大のリスクです。机の上で考えるだけなら、AIでも十分にできる時代です。行動できるかどうかの差が、今後は求められると考えています。

失敗しない人よりも挑戦し続ける人を評価し、経験を次の成長につなげられるチームでありたいと思っています。
安定よりリスクをとる
私たちが向き合っているのは、まだ誰も解決していない「大人数×短距離×短時間」の移動課題です。貸切バスのタイムシェアという仕組みは前例が少なく、安定したやり方をなぞるだけでは社会に実装できません。

AIは前例を学び再現することが得意です。だからこそ人間に求められるのは、現場に向き合い行動を重ね、新しいことを前に進める力だと考えています。

無謀な挑戦をしたいわけではなく、仮説を立て、リスクを見極めた上で前に踏み出す。横浜・川崎から全国展開を目指す今、そうした挑戦を一緒に楽しめる人と働きたいと思っています。
とにかく早く動く
完璧な計画を待つのではなく、まず行動し、結果から学び改善することを大切にしています。

机上で議論を重ねるだけでは現場の課題は見えません。小さく試し、反応を見て改善する。その繰り返しで最適解に近づきます。

これからの時代、考えるだけでは差がつきません。AIを使えば情報収集も整理もアイデアも一定水準でできます。だからこそ求められるのは行動量と決断力、新しいことを爆速で前に進める熱量です。

スタートアップのスピード感の中で自ら考え、試し、仕組みをつくる。プロセスを楽しめる人と働きたいと考えています。
メンバー
もっと見る
服部 満
代表取締役
子ども向け商材のマーケティング・事業運営、Webマーケティング支援を経て、現在は貸切バスのタイムシェアサービス「NORI・NORI」を運営しています。

短距離...さらに表示
株式会社nori・nori
のメンバーと気軽に話そう

Wantedly は「中の人」とつながるビジネスSNS。
興味のある話題があれば気軽に話してみよう。

募集
3件の募集を見る
営業立ち上げ｜フリーランス・フリーランス
テクノロジーで移動の当たり前を変える！代表直下の営業チーム立ち上げ募集！
圧倒的成長できる学生インターン・学生インターン
普通のインターンじゃ物足りない！代表直下で世にないサービスを全国に展開！
AI活用エンジニア｜未経験歓迎・フリーランス
経験より好奇心。AI使い倒しで爆速開発！代表直下で前例なきサービスを創造！
会社情報

株式会社nori・nori

神奈川県横浜市中区桜木町1-101-1 クロスゲート7F

https://nori-nori.co.jp

2024/2 に設立

服部　満 が創業

類似の会社
株式会社Amon Technologies
世界の最前線を、日本の現場へ。
株式会社nicosphere
東京都
泣けることが、価値となる世界をつくる。
SherLOCK株式会社
東京都
革新的イノベーションと堅牢なセキュリティの両立
株式会社ニューロジカ
株式会社アンドユー
神奈川県
「心ジャンル」から社会を健康にした歴史に残る会社を生み出す♪

私たちについて

運営会社

ニュース

採用情報

アプリをダウンロード

Wantedly

気軽に会社訪問

Wantedly Intern

成長できるインターンと出会う

Wantedly People

あなたの活躍を共有

ビジネス向け

採用

サービス概要

|

料金表

|

導入事例

エンゲージメント

社内報

|

チームの状態

|

福利厚生

採用管理システム

機能一覧

|

導入事例

返信が必要な方はこちら
Wantedlyへの意見を送る

推奨環境

ヘルプ

利用規約

プライバシーポリシー

利用者情報の外部送信について

販売・運用代行プログラム

©2026 Wantedly, Inc.",SES営業,wantedly
株式会社Recruit,Misfits株式会社の会社情報 - Wantedly,,,努力を重ねれば、6ヶ月という短い期間で競合他社を圧倒するレベルの成果を出し続ける一流のWebマーケターへと成長することが十分に可能です。 段階ごとのインセンティブあり・副業 段階ごとのインセンティブあり・副業,東京都,https://www.wantedly.com/companies/company_4963498,2026-07-03,"募集
ストーリー
無料でログイン
Misfits株式会社
フォロー
https://misfits.co.jp

東京都

ホーム
私たちについて
メンバー
ストーリー
募集
ミッション
価値観
メンバー
募集
注目のストーリー
会社情報
誰ひとり“自分”を諦めない社会の実現

誰ひとり“自分”を諦めない社会とは、『どんな過去をもっている人でも常に新たな挑戦の選択肢があり、社会全体もその新たな挑戦を温かく応援することのできる、そういう価値観をもった社会』だと私たちは考えています。

経済と科学技術の発展によって多くの課題が解決されて、安全で便利で豊かな社会になっているのにも関わらず、社会全体の幸福度は上がっていません。

諦めの悪い私たちが、諦めの悪い人たち（＝顧客）のために本気で伴走する。そしてともに社会全体の価値観を変えていく。

そんな世界観をもつのがMisfitsです。

価値観
メンバーの多様性
あなたは、Misfitsという言葉の意味をご存知ですか。

Misfitsは「ハグレもの」という意味なのですが、私たちはずっと勝ち続けてきた""優秀""な人間たちではありません。ノンエリートです。

それぞれタイミングは違えど、どこかでレースに敗れ、一度は道に迷った人たちです。

「負けてばかりなのに、まだ自分の可能性を諦めていない」そんな諦めの悪い人を、Misfitsは意図的に仲間に迎えています。

誇れる実績が無いとか、過去の大きな失敗とか、そんなことは関係ない。大切なのは、これからどう生きたいのかです。
失敗を恐れない
過去の私たちは負け犬だったのかも。

しかし、そんな私たちだからこそ、自分の可能性を諦めて歩みを止めてしまうことのつらさと、逆に自分の可能性を信じて諦めずに挑戦し続けることによって得られる大きな悦びを、他の誰よりも強く深く胸に刻むことができています。

味わってきた悲しみと悦びは、決して揺らぐことのない使命感を私たちに与えてくれました。

「諦めるな。自分の可能性を信じ抜け」

使い古された手垢だらけの言葉かもしれないが、私たちは情熱をもってこの言葉を伝え続ける。ひとりでも多くの可能性を花開かせるために。
若手が育ちやすい
全くのマーケティング素人だった多くの若者たちを短期間でプロのWebマーケターへと育成することに成功してきた優秀な指導者がいます。

そして、優れた教育コンテンツをはじめ、効果実証済みの教育システムも整っています。

努力を重ねれば、6ヶ月という短い期間で競合他社を圧倒するレベルの成果を出し続ける一流のWebマーケターへと成長することが十分に可能です。

自己成長を追求する日々の中で、自分の才能を存分に開花させてください。才能を花開かせて、その溢れ出るエネルギーで多くの人の課題を解決する事業を創りませんか。
プロダクト愛
プロデュースしている専門家の数だけ素晴らしいプロダクトやサービスが存在しますが、ここでは、妊活の専門家である『よしこ先生のサービス』について書きます。

プロダクト開発からSNSプロデュースを含めたマーケティングまでのすべてをMisfitsのクルーが担い、妊活のための身体を整える漢方薬と、妊活版ライザップのようなサービスを開発しました。

よしこ先生のサービスによって、子どもも毎日のように生まれていますし、諦めかけていたご夫婦にとっての「生きる意味」をうみ出すことができているのではないかと感じています。
優秀なメンバー
未経験でも研修トレーニングに参加して、短期間で急成長を遂げて一流のWebマーケターになっています。

▲現役 大学生（休学して参画）　19歳 男性
△元 水泳選手　21歳 女性
▲元 ペットショップ店員　22歳 女性
△現役 Webデザイナー　23歳 女性
▲元 理学療法士　24歳 男性
△元 大工職人　25歳 男性
▲元 ロックバンドのベーシスト　26歳 男性
△現役 ファッションスタイリスト　27歳 男性

立派な学歴も職歴もないけれど、本気になればノンエリートだって”勝てる”と証明し続けています。
オープンなコミュニケーション
僕たちは『全員経営』を実現するために、様々な「全員◯◯」を実施しています。

★全員経営
経営会議を幹部のみで行うことはしません。毎回、現場で奮闘してくれているメンバーを経営会議にアサインして対等な立ち位置で会社の方針を議論し合います。

☆全員人事
メンバー全員で求人文章を執筆しますし、全員で自社SNS運用も行います。もちろん採用面接も。

★全員労務
出社とリモートワークの割合はどうするのか。フレックスタイム制度は導入するのか。など自分たちの働き方は自分たちで話し合って決めます。NOトップダウン
メンバー
もっと見る
Y Kenko
WEBマーケティング
●基本情報
【生年月日】　
 1998年8月15日

【出身】　
鹿児島県

【学生時代の部活】
小中高と野球部

【趣味】
ラーメンと朝礼

【特技】
大きな...さらに表示
人的資本経営室
ヒロ オーモリさん
他6人
SP事業部（SP / SNSプロデューサー）
Longkaiさん
他1人
広告事業部（AP / アドバタイジングプロデューサー）
池尻 隆司さん
他1人
プロダクト事業部（PdC / プロダクトクリエイター）
Y Kenkoさん
他10人
マーケティング事業部（MC / マーケティングクリエイター）
yu seさん
他10人
セールス事業部（CS / カスタマーサクセス）
福江 洋喜さん
バックオフィス事業部（BO / バックオフィス）
生原 雄大さん
他1人
研修生
北條 皓大さん
他1人
Misfits株式会社
のメンバーと気軽に話そう

Wantedly は「中の人」とつながるビジネスSNS。
興味のある話題があれば気軽に話してみよう。

募集
43件の募集を見る
段階ごとのインセンティブあり・副業
即戦力じゃなくてOK｜教育事業の企画・営業｜新規スクール立ち上げ
段階ごとのインセンティブあり・副業
即戦力じゃなくてOK｜人との出会いが新規事業になる｜教育事業の企画・営業
フルリモート可｜フルコミ・フリーランス
自宅でWebセールス｜オンライン面談で人の人生に向きあうカスタマーサクセス
注目のストーリー
もっと見る
【カルチャー紹介】讃え合い、語り合い、聞き合うーMisfitsの3つの『心を支える』文化」

最新順で表示

「学び」で人生を変え、社会を変える──Vision・Mission・Valueで読み解くMisfitsの全貌

最新順で表示

【会社紹介】専門家の知恵を、学びの場に変える──ゼロから""学び""を創造し、人生を変えるきっかけを届けるMisfitsの挑戦

最新順で表示

会社情報

Misfits株式会社

東京都文京区湯島3-1-3 MSビル　8階

https://misfits.co.jp

2022/11 に設立

神谷 翔也 が創業

52人のメンバー

類似の会社
株式会社Recruit Innovation
東京都
社内に大きな革命を
株式会社Effecters
東京都
人と企業の可能性を最大化し、　　　自走できる人材を増やす
Acroforce株式会社
東京都
一人ひとりが自らのモノサシで幸せを追求できる社会をつくる。
株式会社AILES
東京都
♾️の可能性をSNSで科学する
株式会社ALBONA
東京都
世の中に""＋１％""の新たな幸せを創る

私たちについて

運営会社

ニュース

採用情報

アプリをダウンロード

Wantedly

気軽に会社訪問

Wantedly Intern

成長できるインターンと出会う

Wantedly People

あなたの活躍を共有

ビジネス向け

採用

サービス概要

|

料金表

|

導入事例

エンゲージメント

社内報

|

チームの状態

|

福利厚生

採用管理システム

機能一覧

|

導入事例

返信が必要な方はこちら
Wantedlyへの意見を送る

推奨環境

ヘルプ

利用規約

プライバシーポリシー

利用者情報の外部送信について

販売・運用代行プログラム

©2026 Wantedly, Inc.",SES営業,wantedly
株式会社令和トラベル,株式会社令和トラベルの会社情報 - Wantedly,業務委託,,,東京都,https://www.wantedly.com/companies/reiwatravel,2026-07-03,"募集
ストーリー
無料でログイン
株式会社令和トラベル
フォロー
https://www.reiwatravel.co.jp

東京都

ホーム
私たちについて
メンバー
ストーリー
募集
ミッション
価値観
メンバー
募集
注目のストーリー
会社情報
ポートフォリオ
あたらしい旅行、あらゆる人へ。

わたしたちは、「あたらしい旅行、あらゆる人へ。」というミッションを掲げ、2021年4月に創業し、翌年に旅行アプリ『NEWT（ニュート）』をローンチしました。
今期は国内旅行事業や韓国法人の立ち上げに着手。フライト予約機能、グローバル展開と事業ポートフォリオの拡大を予定しています。

テクノロジーに大きく投資し、従来のアプローチでは実現できなかった「あたらしい旅行」の創造に挑戦しています。

◆NEWT： https://newt.net/

価値観
メンバーの多様性
わたしたちは、日本でもっともダイバシティに富んだ会社を目指します。
スタートアップフェーズでも「DEI Promise」を制定し、全メンバーがこれらのプロミスを守りながら、経営戦略、組織マネジメント、サービス運営などを行っていきます。

※令和トラベルのDEIプロミスはこちら
https://www.reiwatravel.co.jp/dei

優秀なメンバー
圧倒的プロ集団を目指す。余計なルールは定めず、みんなで決めた目標を達成することにのみ全員が全力で責任を持ち合う組織にしていきます。

プロとは学歴や職歴という意味では全くありません。ビジネスパーソンにおける優秀な人の解釈は難しいですが、自分や組織のミッションをより常に高い水準でこなす人をプロフェッショナルと定義します。各方面にそのような仲間だけを集め、その密度をとにかく高い状態で経営していきます。自分とは違う仲間からも日々の刺激がある、そんな環境で仕事に熱中できるチームです。


とにかく早く動く
わたしたちは、それでもなおスピードの価値を過小評価している。サービスの体験、提案や改善、そして意思決定など。スピードそれ自体が高い価値であると認識しあい、高速で進めたい。
メンバー
もっと見る
田村 博司
取締役CHRO
株式会社令和トラベル
のメンバーと気軽に話そう

Wantedly は「中の人」とつながるビジネスSNS。
興味のある話題があれば気軽に話してみよう。

募集
45件の募集を見る
エンタープライズセールス
ホスピタリティ業界のあたり前をつくる新規事業エンプラセールス
団体サポート（業務委託）・副業
急成長するNEWTの団体旅行を支える！DX化を推進する営業アシスタント
HRインターン・学生インターン
役員直下のポジションで採用と組織づくりを担うHRインターンを募集！
注目のストーリー
もっと見る
【旅行×AIファースト】新卒『0期生』のオンボーディングプログラムを紹介します！（後編）

最新順で表示

【旅行×AIファースト】新卒『0期生』のオンボーディングプログラムを紹介します！（前編）

最新順で表示

「高い山」を描き、そこに「道」をつくる ー データと戦略で挑む、旅行業界への変革

最新順で表示

会社情報

株式会社令和トラベル

東京都渋谷区桜丘町20番1号 渋谷インフォスタワー15階

https://www.reiwatravel.co.jp

2021/4 に設立

篠塚 孝哉 が創業

108人のメンバー

1億円以上の資金を調達済み / 3000万円以上の資金を調達済み

ポートフォリオ
他のポートフォリオを見る
web版『NEWT』

海外旅行予約アプリ『NEWT(ニュート)』のweb版をリリースしました。これまでのスマートフォンアプリに加えて、PCやスマートフォンのブラウザ上でも使用できることで、家族や友達など複数名での旅行探しがより便利になります。今後も、よりカスタマーのみなさまにメリットのある旅行体験を提供してまいります。 ◆web版『NEWT』サイトURL https://newt.net/

『NEWT』webメディア

webメディアでは、『NEWT』を通じ、より一層海外旅行を楽しんでいただくことを目的としています。渡航情報、ホテル比較、観光スポットやグルメの紹介まで、幅広い情報を発信していきます。すでに、ハワイ、グアム、タイに関して、120本以上の記事コンテンツをご用意しております。今後、順次、対象エリアや内容も、拡大して参ります。『NEWT』のサービスを補完し、さらに、重要なコミュニケーションを担うようなメディアになりますので、ご期待ください。 https://newt.net/mag

NEWT（ニュート）

スマートに海外旅行するなら、NEWT。弾丸から5つ星ホテルに泊まるツアーまで、海外旅行をアプリでかんたんに予約できます。 https://newt.net/

トラベルコンシェルジュ

オンラインで海外旅行の相談を受けつけています。専門スタッフが、安心安全でおトクなプランをご案内します。 https://newt.net/travel-concierge

類似の会社
JAPAN SELECT株式会社
東京都
Made in JAPANを世界に発信する
SOEL株式会社
東京都
「仕事を遊びに、遊びを仕事にする」
株式会社ナハト
東京都
仲間と勝ち続ける
株式会社Cure Base
東京都
身近な体験を通じて、健康で前向きな未来を描ける世界をつくる
株式会社Prorium
東京都
世界中の人が一流のProの技術を学べる世界を創る

私たちについて

運営会社

ニュース

採用情報

アプリをダウンロード

Wantedly

気軽に会社訪問

Wantedly Intern

成長できるインターンと出会う

Wantedly People

あなたの活躍を共有

ビジネス向け

採用

サービス概要

|

料金表

|

導入事例

エンゲージメント

社内報

|

チームの状態

|

福利厚生

採用管理システム

機能一覧

|

導入事例

返信が必要な方はこちら
Wantedlyへの意見を送る

推奨環境

ヘルプ

利用規約

プライバシーポリシー

利用者情報の外部送信について

販売・運用代行プログラム

©2026 Wantedly, Inc.",SES営業,wantedly
株式会社Uniboost,株式会社Uniboostの会社情報 - Wantedly,,,,東京都,https://www.wantedly.com/companies/company_4567536,2026-07-03,"募集
ストーリー
無料でログイン
株式会社Uniboost
フォロー
https://uniboost.jp/eventproduce

東京都

ホーム
私たちについて
メンバー
ストーリー
募集
ミッション
価値観
メンバー
募集
注目のストーリー
会社情報
働くすべての人が、ビジョンドリブンな社会へ。

Uniboostは、「働くすべての人がビジョンドリブンな社会へ。」をMISSIONに掲げるHRスタートアップです。

「若手採用の成功に、本気でコミットする。」
売り手市場や価値観の変化に伴う最適なマッチングを実現させるべく、直接の働き手のご紹介だけでなく、採用の成功体制をつくるための組織づくりから定着化まで向き合っています。

価値観
優秀なメンバー
大手外資コンサル出身のCEOを中心に、マーケ・人事・エンジニア・デザイナーなど多様なスキルを持つ若手が集結。プロダクトづくりに加え、採用や制度設計にも主体的に取り組み、挑戦を楽しむカルチャーが根付いています。求職者に寄り添うキャリアアドバイザーも在籍し、一人ひとりの想いに真剣に向き合っています。年齢や肩書きに縛られず、実力と可能性で集まったメンバーが、柔軟さと行動力を武器に、それぞれがオーナーシップを持って社会に新しい価値を届けています。
プロダクト愛
私たちは「はたらくすべての人がビジョンドリブルの社会へ」というミッションのもと、“ビジョン採用”をコンセプトにした新卒向けエージェント「UniUni」、悩んだ時に""今すぐ""話せる転職エージェント「才職AGENT」、など20代ビジネス職を対象に独自のエージェントサービスを開発・運営しています。
ユーザーの人生に新たな可能性を提供することを目指し、愛情を持ってサービスを育てています。
創造性と革新性
時代の早い変化の波を捉え、これからを生きる若者たちが自分の人生の「Why」にきちんと答えられる世界を作るには大きなイノベーションが必要です。そして私たちが望む世界とは多くの若者、彼ら自身もイノベーションを生み出せる環境を作ること。

だからUniboostは、「イノベーションを生み出すためのイノベーション」を創造力と技術力、ビジョンへの想いで成し遂げます。
インターン歓迎
Uniboostでは、学生時代にインターンを経験しているメンバーも多いです。成長機会・環境としてインターンの重要性を実感しており、会社全体でインターンを受け入れる風土が整っています。
失敗を恐れない
私たちは現在2期目のスタートアップで、早期からPDCAサイクルを回しながら事業を徐々に拡大しています。事業内容は変化し続けていますが、根幹の目的は変わりません。
失敗を恐れず挑戦し続けることを大切にし、成長を加速させる風土を築いています。これからもチャレンジ精神を忘れず、組織として進化し続けます。
フラットな組織
Uniboostは代表から幹部メンバーまで20代を中心に構成されており、若い力で成長を続けています。20代中盤がメインですが、30代メンバーも活躍中。
会社全体でインターンの重要性を理解し、積極的に受け入れる風土が整っているため、成長意欲のある方にとって最適な環境です。
メンバー
もっと見る
岡本 希実
代表取締役
早稲田大学基幹理工学部2022年卒。受験・就活期での情報量の差を痛感し、よりリアルタイムな大学情報を学生に届けるべく学生団体を始動。
新卒でアクセンチュア株式会...さらに表示
株式会社Uniboost
のメンバーと気軽に話そう

Wantedly は「中の人」とつながるビジネスSNS。
興味のある話題があれば気軽に話してみよう。

募集
10件の募集を見る
法人営業・フリーランス
社長の右腕募集！｜営業組織をゼロから創る営業責任者
Webエンジニア・フリーランス
キャリア相談を再定義するWebアプリのグロースを担うエンジニア募集!!
SNSマーケ・副業
SNS×マーケティング｜事業成長を加速させるコアメンバー募集！
注目のストーリー
もっと見る
「キャリアから、人生をともにプロデュースする。」—Uniboost代表・岡本希実が語る女性起業家としての生き方

最新順で表示

Uniboostが求めるのはこんな人。急成長スタートアップで“自走する人材”に共通する3つの特徴

最新順で表示

会社情報

株式会社Uniboost

東京都港区赤坂9丁目2番13号　

https://uniboost.jp/eventproduce

2023/9 に設立

岡本 希実 が創業

5人のメンバー

社長が20代

類似の会社
株式会社Zealox
東京都
熱狂思考で人の心を動かし、世の中にインパクトを！
株式会社Sun Growing
大阪府
事業も人も、レバレッジ
株式会社シンシア・ハート
東京都
全世代がときめく社会をつくる
CURUTO株式会社
東京都
「どんな環境どんなスキルでもよりよい選択肢を　あなたに」
合同会社エムズ
実現したいミッションはなんですか？

私たちについて

運営会社

ニュース

採用情報

アプリをダウンロード

Wantedly

気軽に会社訪問

Wantedly Intern

成長できるインターンと出会う

Wantedly People

あなたの活躍を共有

ビジネス向け

採用

サービス概要

|

料金表

|

導入事例

エンゲージメント

社内報

|

チームの状態

|

福利厚生

採用管理システム

機能一覧

|

導入事例

返信が必要な方はこちら
Wantedlyへの意見を送る

推奨環境

ヘルプ

利用規約

プライバシーポリシー

利用者情報の外部送信について

販売・運用代行プログラム

©2026 Wantedly, Inc.",SES営業,wantedly
株式会社R,英語・海外・国際交流が好きな人！好きを仕事にしませんか？長期インターン募集 - 株式会社RのWebマーケティングの採用 - Wantedly,,,,愛媛県,https://www.wantedly.com/projects/749971,2026-07-03,"募集
ストーリー
無料でログイン
Webマーケティング
学生インターン
407エントリー

on 2025/03/28

11,201 views

407人がエントリー中

英語・海外・国際交流が好きな人！好きを仕事にしませんか？長期インターン募集
株式会社R
東京
学生インターン
言語を活かした仕事
話を聞きに行きたい
株式会社Rのメンバー

矢野雄大

マーケティング

新田 若葉

セールス/マーケティング

廣井 一真

マーケティング

矢野雄大(やの ゆうた)
株式会社R Aitem経営企画

1995年1月生まれ。
愛媛県今治市出身。島で生まれ、島で育ち、
高校生の時は毎日フェリー通学でした。
(台風の時は学校はお休みです)

島から一旗上げようと上京を試みるも浪人。挫折。
1年死ぬ気で勉強し、大学に進学するも、
東京で簡単に結果を残せるはずもなく挫折。
首都大学東京卒。

学生時代に、そんな中「何かしないと」と言う焦りから
外部で営業活動に取り組む。当時2000人以上と1on1を経験。
そこで株式会社R代表の佐藤と出会い、
0からAitemの立ち上げに参画。

『コミュニケーションの大切さ』
『コミュ力=思考力×行動力...
さらに表示

フルリモートワークでコミュニケーション力を磨く

矢野雄大さんのストーリー

なにをやっているのか

レッスンの様子

Aitemは英語を手段として「コミュニケーション能力・思考力」を高める
生徒数1000人規模のスクールです。

●ディスカッション・ディベートによる3~6時間の長時間英会話レッスン
●テキスト一切非公開。即興で答えのないディスカッション。
●完全オリジナルの海外インターンプログラム
●国際交流イベント
●代表の友人（起業家、上場会社役員、お笑い芸人etc）をお招きしたトークLive
●日本語でのコミュニケーション講座
●Aitem生同士の交流会（同窓会、ハロウィン、テラスハウス会etc)
etc...

を通じ、コミュニケーション力・思考力・英語力を身につけ、変化の激しい社会で自立し自分らしく生きていける人材を育成します。

英会話スクールなのだから、英語は伸びて当たり前。そんな考えのもと、脳科学や心理的安全性に基づいた独自カリキュラムによって、英語がスムーズに話せるようにしていきます。

答えのないディスカッションに取り組むのは、他者を知ることで初めて自分のことを理解できると考えているから。深いコミュニケーションで他者の考え方を受容したり、自分自身への理解を深めたりする経験を重ねていきます。そうすることで自己肯定感が高まり、自分らしい生き方を自分自身で選択していくことができます。

目先の英語力だけではなく、「英語でどんなコミュニケーションをとるのか？」「英語を使ってこれから何をしたいのか？」など、通い終わってから10年後でも20年後でも役立つレッスンを提供しています。

ーー

途上国の子供たちに音楽で希望を！
NPO法人セブンスピリット　特別広報として
創業時から資金支援を継続しております。

日本にある「目に見えるもの」が途上国にはない。
途上国にある「目に見えないもの」が日本にはない。
という考えから支えさせて頂くという存在意義を頂く代わりに
お金を寄付させて頂く。

可哀想だから助けるのでない。
持ちつ持たれつ。当たり前に助け合う。

2019年には子供たちを日本に呼び、東京大阪での日本公演を実現するため
クラウドファンディングにより600万円を集めました。
生徒さんとメンバーによる子供たちの東京観光をサポートさせて頂きました。

2023年からは、セブンスピリットのご協力のもと、スラム街に訪問するなど完全オリジナルの海外インターンプログラムを行っています。
なぜやるのか

インターン生含むメンバー同士の懇親会

NPO法人セブンスピリット東京公演

高い自殺率、保育園不足、介護問題、ジェンダー
多くの社会問題はコミュニケーションで解決できると信じています。

「社会における問題の9割以上は人間関係、つまりコミュニケーションが原因」
「人の幸福度が高いのは良質なコミュニケーションを持てている時」
「コミュニケーションの質は人生の質」
「コミュ力が自分自身、そして社会を幸せにする」

良質な人間関係を築くことで、身の回りの多くの問題を解決することができ、
幸福度が上がると考えます。

一方で、「コミュニケーションは大切だ」と世間的に言われていても、「何がどう大切なのか？」「なぜ大切なのか？」はまだまだ浸透していないのが現状です。

そこで、誰でも必要性を感じている「英語」を通じて、コミュニケーション教育を届けています。特に、日本のスピーキング力の低さには、英語力以外の問題が潜んでいます。

「英語ができないのではなく、意見がない」
「英語以前にそもそもコミュニケーションが苦手」
「英語はできても、自分がどう生きたいのかわからない」

だからこそ、英会話を通して英語力はもちろん、コミュ力・思考力も養っていきます。

これからの時代で必須な英語を通じてコミュ力の可能性や重要度に気づいてもらい、高めていく。そうして社会に希望を作っていけると信じています。
どうやっているのか

Aitemが提供する主なコンテンツを紹介します！

▶︎英会話
・正解がない問いに対してのディスカッション、ディベートが中心。
（トピック例：マッチングアプリ恋愛はあり？なし？韓国徴兵制度どう思う？言論の自由は社会に必要？タイムマシーンが使えたら行きたいのは未来？過去？ベーシックインカムはどう思う？etc）
→本質を見抜く力（思考力）が身につく

・3~6時間レッスン
→英語脳を作り出す

・プログラム非公開
→いわゆるテキスト配布という形式でプログラム公開をせず、予習は出来ないようにしている。日本人は失敗を恐れることから準備に力を入れ、本番に弱いという傾向があるため、予習よりも復習に力を入れて貰うメソッド。

・「空気を読む」ではなく、リーダーシップなど、「空気を作る」を意識するレッスン
→受け身ではなく能動的に、自分目線だけでないチーム全体のことを考える視点が身につく。

▶︎様々な経歴や職歴を持つゲストを招いてのトークセッション
→オール質疑応答形式で進行することにより「ただ聞きに行く」ではなく、「有益な情報は自動的に入ってくるわけではなく、能動的なコミュニケーションによって得られる」という意識を持ってもらう。

▶︎国際交流
・多種多様な価値観、バックグラウウンドを理解することで、新たな選択肢を知れる。

▶︎コミュニケーション講座 日本語ver.
・空気の作り方、伝え方、聴き方についてのワーク
・日頃のコミュニケーションの悩みを解決

▶︎海外インターンプログラム
・旅行や国内では体験出来ないような現地での濃厚な体験プログラム
こんなことやります
【英語・海外・国際交流が好きな人！好きを仕事にしませんか？長期インターン募集】

弊社の募集をご覧いただき、誠にありがとうございます。採用担当の矢野と申します。

弊社インターンでは英語の魅力や学習についての発信、SNSの運用やお客様とのコミュニケーションを通してのマーケティング業務を行っていただきます。
成績に応じて裁量も大きくなっていくため
ベンチャーならではのスピード感で様々な業務に挑戦したい！という方は大歓迎です！
また、オンラインでの国際交流や英語を使える機会もあるため、英語に触れながら働きたいという方にもおすすめです！


◆こんな人にオススメです！

・大学では得られない刺激が欲しい
・0から1を作る経験をしてみたい
・ワクワクすることをしたい
・将来英語を使った職業に就きたい
・同世代で突き抜けたい

◆特徴

【なにをするの？】
B to CのPR/マーケティングに携わる仕事をして頂きます。
一社会人として仕事をして頂くので、より実践的なマーケティングスキル、マーケティング戦略などを
学ぶことが出来ます。

またその中でマーケティングの本質である「売れる仕組みづくり」を一緒に考えていきたいと思います。

【週何時間以上働かないといけないの？】
週に20時間以上はコミットして頂きたいです。
リモートワーク可
（地方在住メンバーもいます！）

【必須条件は？】
・同世代で突き抜けたい方
・本気でまず行動出来る方
・7ヶ月以上共に働いてくれる方
・週20H以上は働ける方
・実績を残したい方
・チームワークを大切に出来る方
・楽しむことが好きな方

【歓迎条件は？】
今いるインターン生は全員初心者からのスタートのためスキル面でのマストは全くありませんが
「ありがとう」と「ごめんなさい」を素直に言える人
教えてもらうことが当たり前だと思っていない人etc
人として当たり前のことを徹底出来る方と仲間になれることを求めております！

外国人講師とコミュニケーションを取りながら、業務を兼ねたレッスン参加（all English)が出来たりもするので英会話を伸ばしたい人も大歓迎です！
※英語が全く話せない方が無理に英語を使わなければいけない業務は一切ありません。
※通常の業務は日本語を使用するため最低限の日本語力は必要です。

◆インターン生の声

【自分史上最高に楽しい毎日です！H.Rさん 大学2年生】
ここが僕の居場所です！
今までは自分の弱いところから逃げていました。しかし、僕の全てと向き合ってくれる、指摘してくれる仲間と出会い、自分の弱いところを認め、改善ができるようになりました。…なにより、コミュニケーションを学び、稼げるようにもなりモテるようにもなり自分史上最高に楽しい毎日です！

【毎日刺激しかない！S.Nさん 大学2年生】
学んだこと
・タイムマネジメントの重要性
・具体例を用いた説明の分かりやすさ
・サービスを全員が心から好きなこと
・マーケの本質
・チームの中でどう貢献し成長していけるか


【等身大の自分でいられる O.Tさん 大学4年生】
「俺、マジで幸せだなあ」って毎日感じてる。
自分を本気で愛してくれる仲間がいる、等身大の自分でいられる居場所があるってことを教えてくれた。
Aitemには悲しい時には一緒に泣いて、嬉しい時には一緒に笑い合える、そんな仲間がいます！

【居場所を手にしたY・Aさん　大学3年生】
Aitemは私に居場所をくれました。
私にとっての就職とか働く、とかはマイナスイメージばかりだったのですが、インターンを始めてから、今は働くことってこんなに楽しいんだって実感しています！！
同時にお金を稼ぐことが簡単じゃないことも知り、だからこそ結果を出せた時、心から喜べることを知りました。
本気でぶつかったり笑い合ったりと、人間味溢れるこの場所が大好きです！！！

【共感力を身につけたK.Kさん 大学4年生】
素直になった。
以前は、自分の考えだけが正解で、それを押し通してしまうような人間だった。
だけど今は人の意見、指摘を素直に受け入れられるようになった。
インターンをして、共感力や論理的思考が自然に身につき始めてることを実感してます。
Aitemは、自分を偽らなくていい、本当に大好きな空間です。

興味を持って頂いた方は、是非お気軽に話を聞きに来てください！
スタッフ一同、お待ちしております！
1人がこの募集を応援しています
応援する
続きを読む
話を聞きに行くステップ
応募する
｢話を聞きに行きたい｣から応募
会社からの返信を待つ
話す日程を決める
話を聞きに行く
さらに詳しく
募集の特徴
オンライン面談OK

会社情報

株式会社R
https://aitem-english.jp

2018/05に設立

20人のメンバー

海外進出している/
3000万円以上の資金を調達済み/

東京都豊島区雑司が谷3--11-2 明治通りコバヤシビル5F

こんな募集もいいかも？
SNSマーケで、一緒に勉強アプリを日本中に広めるインターン生を募集！

株式会社okke

SNSで話題のコミュニティ！東京拠点のコミュニティマネージャーを募集！

株式会社ONE LIKE

代表直下｜学生歓迎！日本の抹茶を世界に発信するWebライターを募集！

日本抹茶輸出機構株式会社

プロの職人技術を継承！Webマーケで市場価値を高めるインターン

株式会社Faber Company

学生で起業に興味ある人！世界26ヵ国で実践の教育制度で未来の起業家を輩出！

アプコグループジャパン株式会社

売上100億円への挑戦。その中核を担う不動産営業マネージャー/課長候補募集

株式会社クレストリッチ

稼ぎたい人募集！TikTok Shopのライブコマース配信者募集！

studio15株式会社

2030年に上場｜AI・数理最適化を武器に課題解決へ挑む！幹部候補生募集中

株式会社Mark Door

実務経験を積むチャンス！株式会社2peaceのインターンシップ募集

株式会社2peace

材料と建設DXの知見を掛け合わせた、経営課題に入り込むハイブリッド営業募集

株式会社桐井製作所

法人営業 | グローバルな環境で裁量を持って働きたい方必見！

株式会社JJS

コスメ好きを仕事に！出演から撮影まで手掛ける美容動画クリエイター募集！

株式会社MISM

生成AI×SNSインターン！地方の中小企業に希望を届けるSNS運用担当者

株式会社Hitamuki

職種から募集を探す
エンジニアリング
デザイン・アート
PM・Webディレクション
編集・ライティング
マーケティング・PR
セールス・事業開発
カスタマーサクセス・サポート
コーポレート系
コンサルティング

私たちについて

運営会社

ニュース

採用情報

アプリをダウンロード

Wantedly

気軽に会社訪問

Wantedly Intern

成長できるインターンと出会う

Wantedly People

あなたの活躍を共有

ビジネス向け

採用

サービス概要

|

料金表

|

導入事例

エンゲージメント

社内報

|

チームの状態

|

福利厚生

採用管理システム

機能一覧

|

導入事例

返信が必要な方はこちら
Wantedlyへの意見を送る

推奨環境

ヘルプ

利用規約

プライバシーポリシー

利用者情報の外部送信について

販売・運用代行プログラム

©2026 Wantedly, Inc.",SES営業,wantedly
