company_name,source,location
Adapt,ses_beginner,
Dexall,ses_beginner,
ＮＳサービス,ses_beginner,
ビレッジ,ses_beginner,
ズットモ,ses_beginner,
アクリオ,ses_beginner,
Zero Networks,ses_beginner,
メディアリレーション,ses_beginner,
IROHA,ses_beginner,
こだわり,ses_beginner,
イー・スタジオ,ses_beginner,
ジーフロンティア,ses_beginner,
アンテナアート,ses_beginner,
ユーアイ,ses_beginner,
ON,ses_beginner,
アンドロボブレイン,ses_beginner,
アンドロボット,ses_beginner,
Androbo Nexus,ses_beginner,
Androbo Quick,ses_beginner,
アンドロボコアソリューションズ,ses_beginner,
V ANDROBO,ses_beginner,
アンドロボウェブサービス,ses_beginner,
アンドロボコアテクノロジー,ses_beginner,
アンドロボフルートシステム,ses_beginner,
アンドロボディオーナ,ses_beginner,
アンドロボティクス,ses_beginner,
アイスプリング,ses_beginner,
キャレオ,ses_beginner,
クロスメディア,ses_beginner,
ジョブイン,ses_beginner,
ツー・バイ・ツー,ses_beginner,
ユーフォリア,ses_beginner,
ライズ,ses_beginner,
亜細亜情報システム,ses_beginner,
司コンピュータ,ses_beginner,
フラムドパシオン,ses_beginner,
セイル,ses_beginner,
アクイル,ses_beginner,
イグニション・ポイント,ses_beginner,
ファイラエンジニアリング,ses_beginner,
日進,ses_beginner,
ブリスウェル,ses_beginner,
クオーレ,ses_beginner,
カスタネット,ses_beginner,
和道,ses_beginner,
リンクス,ses_beginner,
ポテパン,ses_beginner,
フューチャーゲート,ses_beginner,
パワーハウス,ses_beginner,
ソノリテ,ses_beginner,
シムテック,ses_beginner,
プライムギア,ses_beginner,
エスペーロ,ses_beginner,
ノーメイク,ses_beginner,
インフィニ,ses_beginner,
ホワイトナイト,ses_beginner,
日本テクノクラーツ,ses_beginner,
東悟コンサルティング,ses_beginner,
マルス,ses_beginner,
エスティーエー,ses_beginner,
アドア,ses_beginner,
タワーシステムズ,ses_beginner,
シークエンジン,ses_beginner,
アビリティ,ses_beginner,
アイリンク,ses_beginner,
V-FLINT,ses_beginner,
V-USER,ses_beginner,
V-AXIA,ses_beginner,
V-RISES,ses_beginner,
V Diordna,ses_beginner,
V Currency,ses_beginner,
Lance Edge,ses_beginner,
オブジェクティブUSER,ses_beginner,
オブジェクティブフリント,ses_beginner,
オブジェクティブコンセプト,ses_beginner,
オブジェクティブカルク,ses_beginner,
オブジェクティブコア,ses_beginner,
Vオブジェクティブ,ses_beginner,
オブジェクティブサイバー,ses_beginner,
インターセプター,ses_beginner,
クルーク,ses_beginner,
トリプルアイズ,ses_beginner,
ウェストイノベーション,ses_beginner,
スプリーダムアビリティ,ses_beginner,
Vスプリーダム,ses_beginner,
コンセプトプレゼンツ,ses_beginner,
ブランチ,ses_beginner,
ゼアテックス,ses_beginner,
ライトコード,ses_beginner,
コネクト,ses_beginner,
フェリチタ,ses_beginner,
グローバルトレンド,ses_beginner,
ヒューマングレイス,ses_beginner,
grapple,ses_beginner,
グリーンフラグ,ses_beginner,
トライデント,ses_beginner,
あゆた,ses_beginner,
ヤット,ses_beginner,
ベータシステム,ses_beginner,
ゼネレイション,ses_beginner,
ヴァリエイト,ses_beginner,
ファースト,ses_beginner,
ステップ,ses_beginner,
インシスト・ポリシー,ses_beginner,
デジエン,ses_beginner,
システムサポート,ses_beginner,
エイスペック,ses_beginner,
ランコムシステムズテクノロジー,ses_beginner,
フェイスオン,ses_beginner,
アイルテクノロジー,ses_beginner,
ネクストクオリティー,ses_beginner,
ソルヴァ,ses_beginner,
ノマドリング,ses_beginner,
クラウドナイン,ses_beginner,
ルーテイジ,ses_beginner,
エバーライン,ses_beginner,
エーフィット,ses_beginner,
デルタウィング,ses_beginner,
Solution Hack,ses_beginner,
フリーランスエージェント,ses_beginner,
アイ・ディ・エイチ,ses_beginner,
ピプルズ,ses_beginner,
フューチャーリソース,ses_beginner,
トゥルーエンジニアリングサービス,ses_beginner,
シスナビ,ses_beginner,
ウイング,ses_beginner,
スマートシステム,ses_beginner,
プリズミル,ses_beginner,
ジェイド情報システム,ses_beginner,
マクロビジョン,ses_beginner,
三幸システム,ses_beginner,
レフト,ses_beginner,
ジョイワークス,ses_beginner,
AMSクリエイト,ses_beginner,
オーシアニック,ses_beginner,
モエルゼ,ses_beginner,
Asikaze,ses_beginner,
ゼロワン,ses_beginner,
スパイラルセンス,ses_beginner,
プランサー,ses_beginner,
トレジャーリンク,ses_beginner,
エクサー・システム・プロダクト,ses_beginner,
イージス,ses_beginner,
デジタルエナジー,ses_beginner,
GYD,ses_beginner,
エッジテクノロジー,ses_beginner,
プラス・ワン,ses_beginner,
テクノ・ポッセ,ses_beginner,
アップドラフト,ses_beginner,
リガーレジャパン,ses_beginner,
イーエフアイ,ses_beginner,
セルプロモート,ses_beginner,
AGORA TECHNO,ses_beginner,
コンサルティングフライ,ses_beginner,
ジーウェーブ,ses_beginner,
プロジック,ses_beginner,
ユーエムイーネッツ,ses_beginner,
アプテック,ses_beginner,
エクスマート,ses_beginner,
c.paradiso,ses_beginner,
スプリーダム,ses_beginner,
オープンメディア,ses_beginner,
エス・オー・エム,ses_beginner,
クライスネットワークス,ses_beginner,
TryAngle,ses_beginner,
SKYM,ses_beginner,
ASIANGRACE,ses_beginner,
プレジャ,ses_beginner,
ラストフォート,ses_beginner,
アドフォース,ses_beginner,
ケアライフワークス,ses_beginner,
マネジメントパートナーズ,ses_beginner,
サイナテクノロジーズ,ses_beginner,
シスオス,ses_beginner,
ISTA,ses_beginner,
スキルネットコミュニケーションズ,ses_beginner,
アクロスロード,ses_beginner,
ノーダウト,ses_beginner,
ディスタンス,ses_beginner,
ソフト技研,ses_beginner,
グリーンウェイズ,ses_beginner,
クエスト・システム・デザイン,ses_beginner,
アスペア,ses_beginner,
アクティブフュージョンズ,ses_beginner,
SALTO,ses_beginner,
2PS,ses_beginner,
システムセンス,ses_beginner,
日本双備電工,ses_beginner,
三光ビジネスソリューション,ses_beginner,
クロニット,ses_beginner,
エイチ・オー・ピー,ses_beginner,
ウェーブ・ソリューションズ,ses_beginner,
ディースタンダード,ses_beginner,
サンシード,ses_beginner,
サンブロードバンド,ses_beginner,
日本トータルサービス,ses_beginner,
ファイブ・ディグリーズ,ses_beginner,
ビーワン,ses_beginner,
トラステック,ses_beginner,
サイバーミッションズ,ses_beginner,
グローバルシンキング,ses_beginner,
グローバー,ses_beginner,
紀南コンピューターサービス,ses_beginner,
リスペクツ,ses_beginner,
メイクスパーク,ses_beginner,
Fabeee,ses_beginner,
トライネット,ses_beginner,
テックス,ses_beginner,
シフト・エフ,ses_beginner,
ケイアイエス,ses_beginner,
エーエスジャパン,ses_beginner,
アンフェイク,ses_beginner,
アットマーク,ses_beginner,
アジル・ラボ,ses_beginner,
アイ・ハッツ,ses_beginner,
B-CRUISE,ses_beginner,
ウィザース・システム,ses_beginner,
Yi,ses_beginner,
ライズフォース,ses_beginner,
プロシード エンタープライズ,ses_beginner,
フラックス・エージェント,ses_beginner,
システムソフィア,ses_beginner,
コスモデザイン,ses_beginner,
コーボー,ses_beginner,
アルスター,ses_beginner,
エイ・エス,ses_beginner,
エイチフロンティア,ses_beginner,
オニシアノックス,ses_beginner,
シー・スリー・アイ,ses_beginner,
スカイリーフ,ses_beginner,
ビスタシステムズ,ses_beginner,
ユナイテッドシステム,ses_beginner,
ユニバーサル・アーツ,ses_beginner,
リアルタイムメディア,ses_beginner,
ＳＩエージェンシー,ses_beginner,
アーバンシステム,ses_beginner,
アーロン,ses_beginner,
アイ・エス・ピー,ses_beginner,
アイザック,ses_beginner,
アイティソリューションズ,ses_beginner,
アイティ総研,ses_beginner,
アクア,ses_beginner,
アクシステクノロジーズ,ses_beginner,
インフィニット・フィールド,ses_beginner,
エー・アンド・ビー・コンピュータ,ses_beginner,
エス・ティ・エス,ses_beginner,
エデルタ,ses_beginner,
エヌステージ,ses_beginner,
エヌツーエスエム,ses_beginner,
キャフィック,ses_beginner,
グッドウェーブ,ses_beginner,
クラスアクト,ses_beginner,
クリアス,ses_beginner,
コネクトクルー,ses_beginner,
ジーベック,ses_beginner,
シグマシステム,ses_beginner,
システムテクノロジー,ses_beginner,
ジャステック,ses_beginner,
ステージア,ses_beginner,
スマートテクノロジー,ses_beginner,
ディア・ワークス,ses_beginner,
テイクス,ses_beginner,
デジコン,ses_beginner,
デジタルコム,ses_beginner,
テラソフト,ses_beginner,
ノードコミュニケーション,ses_beginner,
ハルシステム,ses_beginner,
ヒューマン・ネットワーク・システム,ses_beginner,
ピンポイントサービス,ses_beginner,
ブルー・アース,ses_beginner,
マイテックソフトウェア,ses_beginner,
ユーナ,ses_beginner,
リライフ・ジャパン,ses_beginner,
ワークパーミッション,ses_beginner,
ワイルドカード,ses_beginner,
桑都システム,ses_beginner,
三恵クリエス,ses_beginner,
日成情報,ses_beginner,
日本システムリサーチ,ses_beginner,
日本技研プロフェッショナルアーキテクト,ses_beginner,
東京ソフト開発,ses_beginner,
プラス,ses_beginner,
ファテック,ses_beginner,
テクノウェア,ses_beginner,
スキルコネクト,ses_beginner,
エムアイメイズ,ses_beginner,
リンクラフト,ses_beginner,
ビーパートナーズ,ses_beginner,
セイクリッドフォース,ses_beginner,
アシストライズ,ses_beginner,
ワンズパルシステム,ses_beginner,
マイティークラフト,ses_beginner,
ハイウェル,ses_beginner,
シグミックス,ses_beginner,
シースリー,ses_beginner,
サイゼント,ses_beginner,
コスモ・インテリジェンス,ses_beginner,
ウィットシス,ses_beginner,
ウィーズ,ses_beginner,
ミキシステム,ses_beginner,
純アシスト,ses_beginner,
ベルネット,ses_beginner,
ビープラス,ses_beginner,
テクネス,ses_beginner,
コンピュータプラネックス,ses_beginner,
エム・ワイ・ケー,ses_beginner,
アイスタンダード,ses_beginner,
インスタンス,ses_beginner,
日本ワイドコミュニケーションズ,ses_beginner,
工芸精器製作所,ses_beginner,
ワンワールド,ses_beginner,
ワールド情報,ses_beginner,
リゾーム,ses_beginner,
ブリコラージュ,ses_beginner,
ソリティ,ses_beginner,
クリエイトエンジニアリング,ses_beginner,
オリオン情報企画,ses_beginner,
エステイエス,ses_beginner,
アットファイブ,ses_beginner,
アートック,ses_beginner,
ラウレアソリューション,ses_beginner,
ユーネット,ses_beginner,
フリーダムランド,ses_beginner,
ネクステージ,ses_beginner,
セブンドリーム,ses_beginner,
ジョイテック,ses_beginner,
シ・エム・シ,ses_beginner,
ユー・アイ・ソリューションズ,ses_beginner,
エヴィック,ses_beginner,
アン・コンサルティング,ses_beginner,
アベールソリューションズ,ses_beginner,
日本アーキテクト,ses_beginner,
ライズアドバンス,ses_beginner,
ユナイテッドネオ,ses_beginner,
ユナイテッドウィル,ses_beginner,
フロンティアソリューション,ses_beginner,
プレッジ,ses_beginner,
デザイア,ses_beginner,
スリィ・ウェイブ,ses_beginner,
オールフォーワン,ses_beginner,
エンジョイ,ses_beginner,
エルビス,ses_beginner,
エム・アイ・ピー,ses_beginner,
イマジン,ses_beginner,
レプラホーン,ses_beginner,
フューチャー・エクシィード,ses_beginner,
パルソネット,ses_beginner,
エンザントレイズ,ses_beginner,
アークシステム,ses_beginner,
情報ビルダーズ,ses_beginner,
ブレインアーツ,ses_beginner,
ソラボ,ses_beginner,
スクエアシステムズ,ses_beginner,
サンライト,ses_beginner,
エイペック,ses_beginner,
オブザーブ,ses_beginner,
ネオマトリクス,ses_beginner,
スマートテック・ベンチャーズ,ses_beginner,
システムトゥエンティワン,ses_beginner,
シーケンス,ses_beginner,
キサナドゥ,ses_beginner,
ヴァンガード,ses_beginner,
イーネットジャパン,ses_beginner,
アスカ,ses_beginner,
アイズ,ses_beginner,
ヒューベルサービス,ses_beginner,
システム・エボリューション,ses_beginner,
シェアクレスト,ses_beginner,
ソリューションウェア,ses_beginner,
エーシーイー,ses_beginner,
アイシス,ses_beginner,
オリエンタル情報システム,ses_beginner,
ビットソリューション,ses_beginner,
ネクストキー,ses_beginner,
トライ・ハード,ses_beginner,
クリエイト・マンパワーサービス,ses_beginner,
インフェス,ses_beginner,
インテリジェント・アドバイザー,ses_beginner,
アルス・ウェアー,ses_beginner,
マクロシステム,ses_beginner,
フォーエス,ses_beginner,
エイト・エッグ,ses_beginner,
イー・ビジョン,ses_beginner,
ブライト・フューチャー・サービス,ses_beginner,
クロス,ses_beginner,
オプティマ,ses_beginner,
アンサー,ses_beginner,
アクト,ses_beginner,
日本ナレッジスペース,ses_beginner,
ボイスアンドビジュアル,ses_beginner,
ブリックス,ses_beginner,
グランディール,ses_beginner,
ウェブエッジ,ses_beginner,
イーグリッド,ses_beginner,
アイビーリーフ,ses_beginner,
アイディーエス,ses_beginner,
ペリーレッド,ses_beginner,
ソリッドコミュニケーション,ses_beginner,
日本シスラル,ses_beginner,
ルイ・アラン,ses_beginner,
エースソフト,ses_beginner,
エイシル,ses_beginner,
アフェックス,ses_beginner,
アスネット,ses_beginner,
Uniquery,ses_beginner,
NIS,ses_beginner,
JSシステムズ,ses_beginner,
ヒューマン インタラクティブ テクノロジー,ses_beginner,
10バトン,ses_beginner,
メディアミックス,ses_beginner,
フレックスエージェント,ses_beginner,
フューチャーディベロップメント,ses_beginner,
バレットグループ,ses_beginner,
グルーヴ・ギア,ses_beginner,
インターリンク,ses_beginner,
東和テクニカ,ses_beginner,
ユースリー,ses_beginner,
トリモ,ses_beginner,
トラストフォー,ses_beginner,
ダイヤモンドファンタジー,ses_beginner,
ストラスト,ses_beginner,
ジィファム,ses_beginner,
コスモウェーブ,ses_beginner,
グローバルソフトウェアサービス,ses_beginner,
オプティマル,ses_beginner,
エフォート,ses_beginner,
エイアールシイ,ses_beginner,
インフォネクスト,ses_beginner,
インテリジブル,ses_beginner,
アライザー,ses_beginner,
アーキコアテクノ,ses_beginner,
シンクデータコミュニケーション,ses_beginner,
ケイズドットコム,ses_beginner,
エイ・エス・エス,ses_beginner,
インテグレート トータルシステム,ses_beginner,
ワクト,ses_beginner,
ルート14,ses_beginner,
ライトビジョン,ses_beginner,
フィルアップ,ses_beginner,
ヒューボ,ses_beginner,
ビズテックサービス,ses_beginner,
スキルジー,ses_beginner,
シンク・クリエイト,ses_beginner,
シシン,ses_beginner,
エバーグリーン,ses_beginner,
エーピーエス,ses_beginner,
アルファ・プランニング,ses_beginner,
アブソリューション,ses_beginner,
アドウィン,ses_beginner,
アイ・エイ・シイ,ses_beginner,
ZERO,ses_beginner,
NetFile,ses_beginner,
I-SOLCOM,ses_beginner,
GBR,ses_beginner,
AEVIC,ses_beginner,
エヌ・ディー・アール,ses_beginner,
GeNEE,ses_beginner,
クロス・テクノ・ワークス,ses_beginner,
ハイミン・エンタープライズ,ses_beginner,
バリューアークコンサルティング,ses_beginner,
ヴィグラクリエーション,ses_beginner,
Ｆｕｌｌｏｎ,ses_beginner,
ストーンシステム,ses_beginner,
プロトシステム,ses_beginner,
エム・エス・アイ,ses_beginner,
ECH,ses_beginner,
アクアムーンシステムズ,ses_beginner,
万国ソフト,ses_beginner,
ロボケン,ses_beginner,
コンテンツワン,ses_beginner,
コムネットシステム,ses_beginner,
リブランビジネスシステム,ses_beginner,
システムクレイス,ses_beginner,
ソアーシステム,ses_beginner,
ウィズクリエイト,ses_beginner,
SAKURUG,ses_beginner,
CLOCK・IT,ses_beginner,
アートシステム,ses_beginner,
アイグローブ,ses_beginner,
アズ,ses_beginner,
グロース,ses_beginner,
グローバルビジネスソリューション,ses_beginner,
扶堂,ses_beginner,
トラント,ses_beginner,
ヒューマネテック,ses_beginner,
リナックス総合研究所,ses_beginner,
アルファパートナーズ,ses_beginner,
マックスシステム,ses_beginner,
クルージス,ses_beginner,
システムソリューション,ses_beginner,
エム・ティ・アイ システム,ses_beginner,
コスモストーク,ses_beginner,
アイム・ファクトリー,ses_beginner,
セルカシステム,ses_beginner,
アクセラゲート,ses_beginner,
オークス・ソリューション,ses_beginner,
シーシーエス,ses_beginner,
パーフェクトマニージ,ses_beginner,
システムクエスト,ses_beginner,
イーネット,ses_beginner,
スピードリンクジャパン,ses_beginner,
アトラスコンピュータ,ses_beginner,
アイルビーソリューションズ,ses_beginner,
アンツビズシェア,ses_beginner,
ハンセン,ses_beginner,
ユナイテッド・ネットワーク,ses_beginner,
マイネット,ses_beginner,
ユー・システム,ses_beginner,
創研情報,ses_beginner,
トップゲート,ses_beginner,
ウェブフロンティア,ses_beginner,
リーマンシステム,ses_beginner,
グルーヴィ,ses_beginner,
ダブルクロップ,ses_beginner,
ステラ,ses_beginner,
東京コンピュータシステム,ses_beginner,
ジー・エス・シー,ses_beginner,
シー・アイ・エス,ses_beginner,
日本システムデザイン,ses_beginner,
人材総合サービス,ses_beginner,
Ｃ－ＨＲＣ,ses_beginner,
アイアイ・ネットワーク,ses_beginner,
キャリアヴィジョン,ses_beginner,
天時情報システム,ses_beginner,
トレンドワークス,ses_beginner,
ビーサンク,ses_beginner,
ライズウィル,ses_beginner,
イービーエス,ses_beginner,
ビルドシステム,ses_beginner,
アドベンテック,ses_beginner,
ドリームビジョン,ses_beginner,
ニューシステムズテクノロジー,ses_beginner,
リズネット,ses_beginner,
エフ・エスソフトウェア開発,ses_beginner,
フィズー,ses_beginner,
ソラマス・ソフトウェア・サービス,ses_beginner,
エルバーラ・スイス,ses_beginner,
ライトクルー,ses_beginner,
ビップシステムズ,ses_beginner,
エム・イー・ジー,ses_beginner,
レッツビジネスブレーン,ses_beginner,
ユニオン・テクノロジー,ses_beginner,
ＧｒｏｗｔｈＳｑｕａｒｅ,ses_beginner,
アールアイ・ソフトウェア,ses_beginner,
エトナ,ses_beginner,
コンピューター・システム・エコー,ses_beginner,
センチュリーメディア,ses_beginner,
マックシステム,ses_beginner,
ライトクリエイションシステム,ses_beginner,
アイデンティティー,ses_beginner,
インフォコム東日本,ses_beginner,
クライス,ses_beginner,
ケーシーエスキャロット,ses_beginner,
システムコミュニケータ,ses_beginner,
シャタイシステムズ,ses_beginner,
タンデム,ses_beginner,
トリニファイ,ses_beginner,
バックヤードビルダー,ses_beginner,
ロックビレッジ・テクノブレインズ,ses_beginner,
日本テクノウエア,ses_beginner,
ソフトユージング,ses_beginner,
シンメトリクス,ses_beginner,
フォワードソフト,ses_beginner,
オリエントシステム,ses_beginner,
ノバックス,ses_beginner,
コンパス,ses_beginner,
ビジネス・リンク,ses_beginner,
インテリジェントコミュニケーションズ,ses_beginner,
アクロネット,ses_beginner,
アクロスボード,ses_beginner,
ライジングシステム,ses_beginner,
金融情報サービス,ses_beginner,
リンクプラン,ses_beginner,
マジックウェイ,ses_beginner,
セル,ses_beginner,
キャリアバンク,ses_beginner,
ゼファシステムズ,ses_beginner,
イズム,ses_beginner,
アルト,ses_beginner,
マクロメディカル,ses_beginner,
コンピュータリピート,ses_beginner,
カインド情報技研,ses_beginner,
ケープロジェクト,ses_beginner,
エアケント,ses_beginner,
インフォメーションポート,ses_beginner,
アクシス・クリエイト,ses_beginner,
サーブ,ses_beginner,
センスインタナショナル,ses_beginner,
エスツーソフト,ses_beginner,
SSC,ses_beginner,
OZsoft,ses_beginner,
インプルーブ,ses_beginner,
イエローテイルズ,ses_beginner,
GHソリューション,ses_beginner,
末広システム,ses_beginner,
プロフェース・システムズ,ses_beginner,
デイブレイク,ses_beginner,
タキオン,ses_beginner,
システマーズ,ses_beginner,
エービーシー・ジャパン,ses_beginner,
KHJサービス,ses_beginner,
システムクリエイティブ,ses_beginner,
コンピュータ・レスキュー,ses_beginner,
グロースアンドコミュニケーションズ,ses_beginner,
ナステック,ses_beginner,
ティーアンドエス,ses_beginner,
ソフトライ,ses_beginner,
インテレクト,ses_beginner,
アクティブ・アイティ,ses_beginner,
エー・アンド・ディ,ses_beginner,
アイビス,ses_beginner,
セブンシーズ,ses_beginner,
エー・アイ・エムスタッフ,ses_beginner,
エス・アイ・シー,ses_beginner,
ネクストビジョン,ses_beginner,
コア,ses_beginner,
ファーストステップ,ses_beginner,
ジーアンドエフ,ses_beginner,
アースネット,ses_beginner,
トライアローズ,ses_beginner,
アヴァント,ses_beginner,
ユリーカ,ses_beginner,
エス・エー・エス,ses_beginner,
システムアイ,ses_beginner,
アイサン情報システム,ses_beginner,
ベイキューブシー,ses_beginner,
アントレンド,ses_beginner,
グッドワークス,ses_beginner,
リキネットシステム,ses_beginner,
日本情報通信技術,ses_beginner,
テクノデータ,ses_beginner,
フィクシー,ses_beginner,
エムテック,ses_beginner,
エムアールピー,ses_beginner,
フュージョンブレーン,ses_beginner,
エムエスシステム,ses_beginner,
IFTEC,ses_beginner,
ビ・ハイア,ses_beginner,
コアーズ,ses_beginner,
スタイラジー,ses_beginner,
アクセル・モード,ses_beginner,
アイブレインズ,ses_beginner,
トレストーレス,ses_beginner,
Nurinubi,ses_beginner,
MA Solutions,ses_beginner,
ブルーネットジャパン,ses_beginner,
システムコミュニケーションズ,ses_beginner,
日本テムズ,ses_beginner,
アイトライ,ses_beginner,
アイ・シー・ティー21,ses_beginner,
樋口総合研究所,ses_beginner,
ピーデーエスコンピュータ,ses_beginner,
サンショウシステム,ses_beginner,
サンエイソフトウェアジャパン,ses_beginner,
A-STAR,ses_beginner,
ジェイエスピー,ses_beginner,
エンコムウェア,ses_beginner,
テクノブレイブ,ses_beginner,
リアルシス,ses_beginner,
アイキューブ,ses_beginner,
アイテクノ,ses_beginner,
アスタリスク,ses_beginner,
イー・シー・アンドエム,ses_beginner,
ウエスト,ses_beginner,
クリナム,ses_beginner,
グレースコミュニケーション,ses_beginner,
コスメル,ses_beginner,
フィジオ,ses_beginner,
フォーサイト・バリュー・テクノロジー,ses_beginner,
プレスク,ses_beginner,
マイネット・グループ,ses_beginner,
日本ソフトウェアクリエイティブ,ses_beginner,
グローブテック・ジャパン,ses_beginner,
アプリケーションスペース,ses_beginner,
シスマック,ses_beginner,
エス・イー・プロジェクト,ses_beginner,
イスコ,ses_beginner,
アイラビット,ses_beginner,
ライプ,ses_beginner,
バリュープランニング,ses_beginner,
クリエーション・ビュー,ses_beginner,
ユーコム,ses_beginner,
ティップトップソフトウェア,ses_beginner,
シーキューブソフト,ses_beginner,
ウィナス,ses_beginner,
ワイヤードパッケージ,ses_beginner,
キャリアシステムズ,ses_beginner,
オレンジネット,ses_beginner,
エヌアイシー・ソフト,ses_beginner,
情報電子,ses_beginner,
ブレーンネット,ses_beginner,
フェアーウェイ,ses_beginner,
カスタマトリックス,ses_beginner,
エース・システム・エンジニアリング,ses_beginner,
永山コンピューターサービス,ses_beginner,
インフォメーションサービスフォース,ses_beginner,
テクノコア,ses_beginner,
アイビーシステムズ,ses_beginner,
アクティブエージェント,ses_beginner,
電算サービス,ses_beginner,
インフロント,ses_beginner,
アビックシステム,ses_beginner,
アジアンリンク,ses_beginner,
ブール・ジャパン,ses_beginner,
コミッションダイバー,ses_beginner,
コムファイ,ses_beginner,
システムヴァン,ses_beginner,
アライアンス,ses_beginner,
ビートテック,ses_beginner,
システムクレール,ses_beginner,
エスイーアーキテクト,ses_beginner,
ウィズ・ワン,ses_beginner,
スタイルズ,ses_beginner,
アイティーソリューション,ses_beginner,
YAZ,ses_beginner,
GFD,ses_beginner,
G.A.P,ses_beginner,
フェムト,ses_beginner,
ティーピーエス,ses_beginner,
加賀ライズ,ses_beginner,
トータルオーエーシステムズ,ses_beginner,
シャンテリー,ses_beginner,
コモドソリューションズ,ses_beginner,
クリエイション,ses_beginner,
ウェーブ,ses_beginner,
トーワシステムサポート,ses_beginner,
総合データ・センター,ses_beginner,
キャスレーコンサルティング,ses_beginner,
ウインワンズウエイ,ses_beginner,
ネクサート,ses_beginner,
ウイングソリューションズ,ses_beginner,
第一コンピューター,ses_beginner,
シスコン,ses_beginner,
スコープ,ses_beginner,
ネッツ,ses_beginner,
ピー・アンド・ヴァック,ses_beginner,
スレッドアンドハーフ,ses_beginner,
マネジメント・ブレインズ,ses_beginner,
システム・クリエート,ses_beginner,
ネクサス,ses_beginner,
テントセント,ses_beginner,
アプリコットネットワーク,ses_beginner,
エーソル,ses_beginner,
アクティブ,ses_beginner,
ダイヤモンドヘッド,ses_beginner,
アイソルート,ses_beginner,
メディアベース,ses_beginner,
インサイト,ses_beginner,
明幸フォーラム,ses_beginner,
キューズ,ses_beginner,
ＤＡＴＡビジネス,ses_beginner,
ディライトテクノロジー,ses_beginner,
エフ・エム,ses_beginner,
システムマネージメント,ses_beginner,
ビットストロング,ses_beginner,
東京ソフトウェア,ses_beginner,
ティエスイー,ses_beginner,
ミント,ses_beginner,
フューチャー・アンティークス,ses_beginner,
コンピュータマネジメント,ses_beginner,
セレッテ,ses_beginner,
ルーセント・グローバル,ses_beginner,
柊ソフト開発,ses_beginner,
アイ・シー・シー,ses_beginner,
システムハウス．アイエヌジー,ses_beginner,
フォー・ジェイ,ses_beginner,
アリス,ses_beginner,
ジー・ブーン,ses_beginner,
セビックス,ses_beginner,
東海ビジネスサービス,ses_beginner,
プレジール,ses_beginner,
ジャパンコミュニケーション,ses_beginner,
ヅノー,ses_beginner,
中央コンピューターサービス,ses_beginner,
ニーズシェア,ses_beginner,
システム・ユー,ses_beginner,
ジオテック情報システム,ses_beginner,
システム技研,ses_beginner,
アイエスエイプラン,ses_beginner,
ゼネット,ses_beginner,
ファーンリッジ・ジャパン,ses_beginner,
UTシステム,ses_beginner,
アンリミテッド,ses_beginner,
アクレスコ,ses_beginner,
デンサン,ses_beginner,
ポピュラーソフト,ses_beginner,
フレクト,ses_beginner,
セントラル技研,ses_beginner,
協立技研工業,ses_beginner,
システム・アナライズ,ses_beginner,
ソフトウェアサービス,ses_beginner,
ニッコクソフト,ses_beginner,
シンクスバンク,ses_beginner,
グロウ,ses_beginner,
エム・シー・シー,ses_beginner,
マネージ,ses_beginner,
ギャラクシィ,ses_beginner,
フロンテック,ses_beginner,
コムコシステム,ses_beginner,
エム・フィールド,ses_beginner,
アイスペック・ビジネスブレイン,ses_beginner,
システム・コミュニケート,ses_beginner,
アローシステム開発,ses_beginner,
エフネット,ses_beginner,
KSF,ses_beginner,
ゼネテック,ses_beginner,
エンベックス,ses_beginner,
エム・オー・シー,ses_beginner,
イントゥ,ses_beginner,
ヴィーナス・ブラスト,ses_beginner,
ウエルストーン,ses_beginner,
カーネル,ses_beginner,
クリーブ,ses_beginner,
サイバーテック,ses_beginner,
セブンティエイトアイティ,ses_beginner,
ソフトビジョン,ses_beginner,
テクノ情報システム,ses_beginner,
ブレインスタッフ,ses_beginner,
プロフェッショナル・ネットワークス,ses_beginner,
ホープス,ses_beginner,
メガ・テクノロジー,ses_beginner,
協栄情報,ses_beginner,
ユーエスエス,ses_beginner,
サイビーンズ,ses_beginner,
シアトルコンサルティング,ses_beginner,
ケーエムケーワールド,ses_beginner,
日本デジタルデザイン,ses_beginner,
バンキング・システムズ,ses_beginner,
サプライ,ses_beginner,
アビット,ses_beginner,
ユビテックソリューションズ,ses_beginner,
テクノウェイブ,ses_beginner,
コスモ・コンピューティングシステム,ses_beginner,
エクセル・システムプロダクト,ses_beginner,
ジェイテックアドバンストテクノロジ,ses_beginner,
エス・アイ・エス,ses_beginner,
エーティ・プランニング,ses_beginner,
クロスパワー,ses_beginner,
レバレジーズ,ses_beginner,
サンシーア,ses_beginner,
キーウォーカー,ses_beginner,
アプリケーションプランニング,ses_beginner,
アンリミ,ses_beginner,
ローチェ,ses_beginner,
日本総合システム,ses_beginner,
東日本技術研究所,ses_beginner,
バリューソフトウエア,ses_beginner,
サントラスト,ses_beginner,
アクシス,ses_beginner,
リグロス,ses_beginner,
パトリオット,ses_beginner,
ヴァイタル・インフォメーション,ses_beginner,
エヌテック,ses_beginner,
アイシーズ,ses_beginner,
ゴーイング・ドットコム,ses_beginner,
フェーズワン,ses_beginner,
パワーエッジ,ses_beginner,
ナビッピドットコム,ses_beginner,
日本ソフトウェア,ses_beginner,
アインザ,ses_beginner,
ジャパン・コンピュータ・テクノロジー,ses_beginner,
マイクロネットワークテクノロジーズ,ses_beginner,
アイコムソフト,ses_beginner,
ワンダフルフライ,ses_beginner,
富士インフォックス・ネット,ses_beginner,
サンソウシステムズ,ses_beginner,
信興テクノミスト,ses_beginner,
医療システムズ,ses_beginner,
メディアジョイント,ses_beginner,
ネットリンクス,ses_beginner,
スタッフアイ,ses_beginner,
アヴァンザ,ses_beginner,
日本キャスト,ses_beginner,
システム・ビット,ses_beginner,
カイエンシステム開発,ses_beginner,
日本ソフトウエア,ses_beginner,
エー・アール・シー,ses_beginner,
ヒューマンシステム,ses_beginner,
ユートピア,ses_beginner,
アビソル,ses_beginner,
クイックサーブ,ses_beginner,
コンピューターサイエンス,ses_beginner,
東京システムズ,ses_beginner,
アカシック,ses_beginner,
パブリックソフトウエア,ses_beginner,
プライムハート,ses_beginner,
日本ナレッジ,ses_beginner,
シーシー・ネットワーク,ses_beginner,
テクノインフィニタス,ses_beginner,
ピーアンドアイ,ses_beginner,
システムサービス,ses_beginner,
コアコンセプト・テクノロジー,ses_beginner,
東京システムリサーチ,ses_beginner,
創夢,ses_beginner,
クリエーティブソリューションズ,ses_beginner,
コスモ,ses_beginner,
アクサス,ses_beginner,
サンウェル,ses_beginner,
トライアロー,ses_beginner,
ソルクレオ,ses_beginner,
エヌエスイー,ses_beginner,
ハイテクシステム,ses_beginner,
トリオシステムズ,ses_beginner,
ハミーズシステム,ses_beginner,
インガルス,ses_beginner,
ディ・アイ・システム,ses_beginner,
スーパーソフトウエア,ses_beginner,
タイムインターメディア,ses_beginner,
ユー・エス・イー,ses_beginner,
エヌ・アンド・アイ・システムズ,ses_beginner,
クロス・コミュニケーション,ses_beginner,
ソフトウエア・サイエンス,ses_beginner,
パーソンズ,ses_beginner,
エイチ・エル・シー,ses_beginner,
アクティブ・ワーク,ses_beginner,
アプサ,ses_beginner,
キューアンドエーワークス,ses_beginner,
コガソフトウェア,ses_beginner,
アイテック,ses_beginner,
システック,ses_beginner,
プリネッツ,ses_beginner,
ウィツ,ses_beginner,
デジタルフォルン,ses_beginner,
パートナー,ses_beginner,
ギガ,ses_beginner,
YSLソリューション,ses_beginner,
国際ソフトウェア,ses_beginner,
アルファ・ウェーブ,ses_beginner,
デーコム,ses_beginner,
LASSIC,ses_beginner,
プロビズモ,ses_beginner,
セレクティ,ses_beginner,
クリエイティブキャスト,ses_beginner,
メイプルシステムズ,ses_beginner,
エヌ・ティ・ティ・システム開発,ses_beginner,
システムイオ,ses_beginner,
チャンスラボ,ses_beginner,
システムクルー,ses_beginner,
キャル,ses_beginner,
経営情報センター,ses_beginner,
クラスメソッド,ses_beginner,
アイエスアイ,ses_beginner,
エスネット,ses_beginner,
シー・エス・イー,ses_beginner,
シスラボ,ses_beginner,
プロシード,ses_beginner,
ジェイ・クリエイション,ses_beginner,
マジックソフトウェア・ジャパン,ses_beginner,
トラストシステム,ses_beginner,
サイプレス・ソリューションズ,ses_beginner,
エバーネットデータ,ses_beginner,
日本システム開発,ses_beginner,
銀河ソフトウェア,ses_beginner,
シー・エム・エス,ses_beginner,
ソルパック,ses_beginner,
システムアート,ses_beginner,
フロムスクラッチ,ses_beginner,
SALES ROBOTICS,ses_beginner,
ジスクソフト,ses_beginner,
アイセル,ses_beginner,
コムシス,ses_beginner,
日本テクノストラクチャア,ses_beginner,
コムウェア,ses_beginner,
アイエム,ses_beginner,
エイジレス,ses_beginner,
日本クラウド,ses_beginner,
ヘルメスシステムズ,ses_beginner,
ユニシステム,ses_beginner,
みらいワークス,ses_beginner,
DSテクノロジーズ,ses_beginner,
メディアファイブ,ses_beginner,
ソフトクリエイト,ses_beginner,
コアネットインタナショナル,ses_beginner,
エス・エス・イー,ses_beginner,
ビーブレイクシステムズ,ses_beginner,
ソーバル,ses_beginner,
リーディング・エッジ社,ses_beginner,
日本プレスメントセンター,ses_beginner,
オープンストリーム,ses_beginner,
イーソル,ses_beginner,
デジタルハーツ,ses_beginner,
クレヴァシステムズ,ses_beginner,
サインウェーブ,ses_beginner,
第一情報システムズ,ses_beginner,
蓼科情報,ses_beginner,
コムテック,ses_beginner,
ギークス,ses_beginner,
ジェイエムテクノロジー,ses_beginner,
ISIDインターテクノロジー,ses_beginner,
Sharing Innovations,ses_beginner,
エマーズ,ses_beginner,
ベーシック,ses_beginner,
シーエーシー,ses_beginner,
ニーズウェル,ses_beginner,
日本インフォメーション,ses_beginner,
ランドコンピュータ,ses_beginner,
システムギア,ses_beginner,
システムエグゼ,ses_beginner,
オープンシステムテクノロジー,ses_beginner,
クエスト,ses_beginner,
SIG,ses_beginner,
ヴァンテルシステム,ses_beginner,
リンクレア,ses_beginner,
ISTソフトウェア,ses_beginner,
アイコムシステック,ses_beginner,
ソフトクリエイトホールディングス,ses_beginner,
ＴＤＣソフト,ses_beginner,
日本コンピュータシステム,ses_beginner,
日本ラッド,ses_beginner,
日本プロセス,ses_beginner,
株式会社の承認を要する旨定めることができるほか（会社法,ses_media_bing,
株式会社とは？仕組みや設立のメリット・デメリットを分かり,ses_media_bing,
株式会社と他の形態の違いを理解し、自分に合った種類の会社を設立しまし,ses_media_bing,
株式会社の定義や設立するメリット等を解説します。,ses_media_bing,
株式会社とは？仕組みや設立するメリット・デメリットを簡単,ses_media_bing,
株式会社・合同会社の設立に必要な書類をかんたんに作成できます。,ses_media_bing,
株式会社とは？イラスト付きの日本一簡単でわかりやすいまとめ,ses_media_bing,
株式会社について日本一簡単にわかりやすくまとめました。,ses_media_bing,
株式会社は、「株式」を発行して資金を集め、仕事をしている会社です。,ses_media_bing,
株式会社とは？仕組み・合同会社などとの違い・メリットや,ses_media_bing,
株式会社とは、株式を発行し、出資者である株主から出資を受けて事業を運,ses_media_bing,
株式会社とは？仕組み・特徴・設立方法をわかりやすく解説,ses_media_bing,
株式会社の仕組みや特徴を初心者にもわかりやすく解説します。,ses_media_bing,
合同会社との違いまで詳しく紹介。,ses_media_bing,
株式会社設立の人数は何人から？従業員数・役員数の条件を,ses_media_bing,
株式会社は、取締役会を設置しなければ、発起人1人でも設立することが可,ses_media_bing,
株式会社に,ses_media_bing,
株式会社の,ses_media_bing,
株式会社とは？仕組みやメリット、合同会社との違い、設立,ses_media_bing,
株式会社とは、株式を発行して出資者（株主）から資金を集め、その資金を,ses_media_bing,
株式会社(カブシキガイシャ)とは？,ses_media_bing,
