company_name,company_core,bing_snippet,has_incentive_mention,incentive_detail,incentive_rate,screened_date,worker_part
日進,日進,日進工具株式会社 - NS TOOL 日進工具の取り組み グループ企業 日進工具のサステナビリティ 当社のマインド 採用情報 モノづくりへの挑戦 社長メッセージ 仙台工場 先輩の声 髪の毛にも文字が彫れるエンドミルの話 IR情報 トップメッセージ 個人投資家の皆様へ IRトピックス・IRニュース | NISSIN（ニッシン）の車いす（車椅子） 日進医療器株式会社 ... 車いすと医療・福祉機器を製造している、日進医療器株式会社のホームページ。スポーツ車いすや、オーダーメイドの車 ... | 株式会社日進製作所グループ | 超精密ホーニングマシンの総合 ... 株式会社日進ProSOLは、ホーニング盤製造の伝統と最新のデジタル技術を融合させたソリューションを提供しています。 精密部品加工技術も活かし、IoT・AIを活用した生産システムの高度化や製造現場のスマート化を実現するFAソリューション事業を展開。 | Nisshin - ホーム／日進市 スライドを停止 法人番号8000020232301 日進市役所 〒470-0192 愛知県日進市蟹甲町池下268番地 電話番号：0561-73-7111 ファクス：0561-73-6845 開庁時間：午前9時から午後5時まで （土曜日・日曜日・祝日・年末年始を除く） 日進市役所へのアクセス 各課直通電話番号一覧 | 株式会社日進-大阪堺市で超硬バイト・超硬ソリッドツールの ... 大阪は堺の地で耐摩耗性・靭性に優れた超微粒子による超硬バイト・ソリッドツール・スローアウェイ・エンドミルを製造・販売している株式会社日進です。 あなただけの理想の刃物を図面からしっかりご提案させて頂きます。,no,,,2026-07-02,part4/5
明幸フォーラム,明幸フォーラム,明 - Wikipedia 明では名君の治世は短く（仁宗 洪熙帝 は1年、宣宗 宣徳帝 は10年、孝宗 弘治帝 は18年）、一方で世宗 嘉靖帝 は45年、神宗 万暦帝 が在位48年というように暗君の治世が長かった。 また官僚の俸禄は低く、忠誠心の低下と汚職による腐敗を招いた。 | 漢字「明」の部首・画数・読み方・意味・筆順など 明は、明るい / 明らか / はっきりしている / 夜が明けるなどの意味を持つ漢字です。 部首は日部（ひへん）に属し、画数は8画です。 小学校2年生で習い、漢字検定9級に配当されています。 | 明 | 漢字一字 | 漢字ペディア もと、明・朙の二体があり、ともに会意。 明は、日と月（つき）とから成り、「あかるい」意を表す。 朙は、月と囧 (けい)（窓の形）とから成り、窓に月光がさしこむことから、「あかるい」意を表す。 のち、明の字形に統一された。 | 明 (メイ)とは？ 意味や使い方 - コトバンク みょう〔ミヤウ〕【明】 [名] 《〈梵〉 vidyā の訳》仏語。 1 無明 むみょう の闇 を破り、真理を悟る智慧。 2 密教の 真言。 [連体] （日付・年月などで）その次の。 「明 4月25日」「明 1997年」 [類語] 明けて ・ 明くる ・ 翌 ・ 来 | 世界史の窓 明がこのような民衆不在の政争に明け暮れている間に、遼東地方（後の満州、現在の東北地方）では 女真 を統一した ヌルハチ が、 1616年 に 後金 （アイシン）を建国し、明からの独立を宣言、さらに中国本土をうかがう勢いを示し始めた。,no,,,2026-07-02,part4/5
末広システム,末広システム,末広金具株式会社 （現在三ノ輪）に創業し、1955年7月に法人組織に改め 現在に至っております。 詳しく見る お問い合わせ CONTACT US 末広金具製品ついて・代理特約販売品についてなど、 お気軽にお見積り依頼・直販の ご相談・お問い合わせください。 詳しく見る | 末廣ラーメン本舗 札幌北24条分店 (北24条/ラーメン) - 食べログ 末廣ラーメン本舗 札幌北24条分店 (北24条/ラーメン)の店舗情報は食べログでチェック！札幌初上陸！京都生まれの中華そば 【禁煙】口コミや評価、写真など、ユーザーによるリアルな情報が満載です！地図や料理メニューなどの詳細情報も充実。 | 末広 - Wikipedia 末広 (北九州市) - 福岡県 北九州市 小倉北区 の地名（すえひろ）。 末広 (佐賀市) - 佐賀県 佐賀市 の地名（すえひろ）。 末広 (臼杵市) - 大分県 臼杵市 の地名（すえひろ）。 末広 (宮崎市) - 宮崎県 宮崎市 の地名（すえひろ）。 | 末広（すえひろ）の意味とは？使い方まで徹底解説！ 「末広」も例外ではなく、デジタルアートやバーチャルリアリティ（VR）の世界で新たな表現を見つけています。 バーチャル空間での展示やイベントでは、「末広」の形状や意味を取り入れたアート作品が参加者に新しい体験を提供します。 | 「末広 (すえひろ)」の意味や使い方 わかりやすく解説 Weblio辞書 末広（扇子） 打掛 を 着た とき手に持つ 扇子。 「末広がり に 幸せ になるように」という意味が 込められ ている。 白無垢 のときは房 飾り も 真っ白な ものを 合わせる。,no,,,2026-07-02,part4/5
東京コンピュータシステム,東京コンピュータシステム,"omofun正版下载方法 - 百度知道 omofun正版下载方法omofun可通过以下方式正版下载：安卓版官网下载：访问官方网址https://www.omoo.app/，按指引下载安装包。若 ... | 镀锌表面质量等级FA,FB,FC是指什么？_百度知道 这是代表钢板表面质量等级,有4个等级分别是FA,FB,FC,FD。其中FD质量等级最高一般用于汽车外板当然价格也就最贵加工要求也就越高，FC稍差点一般用于汽车内板或家电外板，FB差一点一般用于家电内板或建筑，FA一般就是降级或协议品一般用在建筑上 | 博途中FB块接口更新后，怎么在被调用处快速更新之前已生成的背景数据块_百度知道 博途中FB块接口更新后，怎么在被调用处快速更新之前已生成的背景数据块点击工具栏上的“更新不一致的块调用”，系统 ... | 西门子fb输出变量报无法初始化 - 百度知道 西门子fb输出变量报无法初始化西门子PLC编程中，如果FB（功能块）输出变量无法初始化，可能会出现以下几种情况：1.变量类型错误：如果输出变量的数据类型与功能块输入不匹配，则无法进行初始化。因此需要对应单元的 | fb是什么意思？？ - 百度知道 fb是什么意思？？FB有多种含义，常见的是指Facebook和脸书。以下是关于FB的一、作为社交媒体平台的Facebook简称FB常作为Facebook的简称，Facebook是一个全球知名的社交媒体平台，用户可以在上面发布状态、分享照片、",no,,,2026-07-02,part4/5
東京システムズ,東京システムズ,"Google Maps Explore the world with Google Maps, providing navigation, real-time traffic updates, and local business information for your convenience. | What’s New in Chrome | Chrome - maps.google.co.za See what's new with the latest Chrome updates. Explore new features that boost your productivity, enhance * security, and make browsing more intuitive. | Verken Straataansig en voeg jou eie 360-prente in Google Maps by. Gee jou kaart lewe, een prent op ’n slag Straataansig “stik” miljarde panoramiese prente aanmekaar om ’n virtuele verteenwoordiging van ons omgewing op Google Maps te verskaf. Straataansig se inhoud kom van twee bronne af – Google en bydraers. Deur ons gesamentlike werk stel ons mense oral in staat om die wêreld virtueel te verken. | Vulnerability Research Grant Program Rules – Application Security – Google The content of this page has moved to our new site: https://bughunters.google.com/about/rules. | Google Terms of Service – Privacy & Terms – Google Your relationship with Google These terms help define the relationship between you and Google. When we speak of “Google,” “we,” “us,” and “our,” we mean Google LLC and its affiliates. Broadly speaking, we give you permission to access and use our services if you agree to follow these terms, which reflect how Google’s business works and how we earn money.",no,,,2026-07-02,part4/5
東京システムリサーチ,東京システムリサーチ,如何评价ktc显示器质量怎么样，它是什么牌子，属于什么档次？ 在低价位显示器来看首选是KTC和HKC，然后是AOC，KTC经典款有不少，低价显示水平在AOC之上，但是如果想玩游戏还是选卓威，目前为止国内国外比赛都用卓威！ KTC：27英寸版，刷新率：165hz，面板：IPS，2K显示屏。 黑白响应时间：1ms，灰阶响应时间：5ms。 | ktc显示器怎么样？2024年最新KTC显示器选购指南 ktc显示器推荐第四名：H27P22S 推荐理由： 接下来要给大家推荐一款性能比较高端的ktc显示器 27寸的4K高刷屏，而且是不用超频就有的原生160hz！ 亮度最高也有400，刚好可以开启HDR400了 DC调光无频闪，对眼睛更友好 用的是满血版的友达7.0面板，色彩表现更进一步，来到了97.5％的P3色域 1799就能拿下 ... | 别再乱选ktc显示器，这些坑要注意（附各型号ktc显示器推荐 ... 一、ktc显示器怎么样？ 1.屏幕分析 采用的是HVA专业电竞屏。 作用： 透光率极高，且日常视野广，清晰度又近人一步，时刻保持颜色通透又具有不错的丰富度。 | KTC h27t22s二代和h27t22x 哪个值得买? - 知乎 前几天显示器有15%国补都不去买，现在没有国补了，原价倒开始买了。 如果说两个显示器更推荐谁的话，那肯定是性能选KTC h27t22x，性价比选KTC H27T22S二代。 虽然两者看起来差不多，游戏表现也一样，都有硬件低蓝光，都有旋转升降，但是它们是使用了不同的面板。 KTC H27T22X和KTC H27T22S二代参数对比 ... | KTC，雷神 ，HKC 显示器哪个值得买？ - 知乎 首先，他们都不是“1999价位的”，1999价位的2K165Hz显示器比他们好很多。 先把雷神的排除，它是75Hz，定位并非游戏显示器。 KTC H27T22和HKC IG27Q这两台，都具有购买价值。 先说H27T22，目前是1399元，经常做活动，活动价1299 (11月27日开始),yes,,,2026-07-02,part4/5
東京ソフトウェア,東京ソフトウェア,"Remote Desktop Software for Windows | AnyDesk Download AnyDesk for Windows to access and control your devices remotely with the best free remote desktop software tailored for seamless work. | The Fast Remote Desktop Application – AnyDesk Discover AnyDesk, the secure and intuitive remote desktop app with innovative features, perfect for seamless remote desktop application across devices. | Software de desktop remoto para Windows – AnyDesk Download AnyDesk for Windows to access and control your devices remotely with the best free remote desktop software tailored for seamless work. | Windows için Uzak Masaüstü Yazılımı – AnyDesk Download AnyDesk for Windows to access and control your devices remotely with the best free remote desktop software tailored for seamless work. | Программное обеспечение удаленного доступа для Windows — AnyDesk Download AnyDesk for Windows to access and control your devices remotely with the best free remote desktop software tailored for seamless work.",no,,,2026-07-02,part4/5
東京ソフト開発,東京ソフト開発,"梁姓氏的由来 - 百度知道 梁姓氏的由来梁姓源流：梁氏出自嬴姓，起源于东夷少昊部，伯益之后。伯益三十五世大骆生非子。再五传秦仲，秦仲的小儿子康封于夏阳梁山（在今陕西韩城南），建立梁国，为伯爵。公元前641年，秦穆公派兵攻灭梁国，改 | 靓怎么读? - 百度知道 问题一：""靓""字怎么读 这个字是多音字 读jing时，有两个意思：1.动词，妆饰、修饰；2.形容词，妆饰艳丽。可以组词为“靓妆”、“靓服”。 读liang时，为形容词，储些地区指漂亮，可以组词为“靓女”、“靓丽”等。 问题二：靓字用于人名时怎么读 张靓（liang）颖 问题三：靓怎么读？ 靓 [jìng ... | 叔梁纥是怎么拼的？ - 百度知道 叔梁纥（公元前622—公元前549年），子姓，孔氏，名纥，字叔梁，宋国栗邑（今河南省商丘市夏邑县刘店集乡王公楼村）人。春秋时期鲁国大臣，宋国君主的后代，孔子的父亲。思想家、教育家和儒家学派创始人孔子的父亲，人品出众，博学多才，能文善武，曾官陬邑大夫。 人物经历 | 姓梁是“梁”还是”粱“？ - 百度知道 姓梁是“梁”还是”粱“？1. 姓氏“梁”的拼音为liáng，注音为ㄌ一ㄤˊ。2. 部首为木，部外笔画有7画，总笔画11画。3. 五笔输入法为IVWS，仓颉为ECD，郑码为VYOF。4. 四角号码为33904，结构为上下结构。5. 电码为27 | 在大陆,正式场合「梁」姓翻译成「Leung」可行吗?_百度知道 在大陆,正式场合「梁」姓翻译成「Leung」可行吗?在大陆最好用汉语拼音 LIANG,这是对人的一种尊重,在香港通常翻译为LEUNG,这是因为香港的中文发音同大陆有差异所致",no,,,2026-07-02,part4/5
東和テクニカ,東和テクニカ,"東和銀行 東和銀行のウェブサイトです。 口座開設、ローン、ATM、インターネットバンキングなど、様々なサービスをご用意しています。 | 東和薬品 医療関係者向けサイト 東和品質のジェネリック医薬品を提供する東和薬品の医療関係者向けサイト。 東和薬品の製品の情報や情報づくりへの取り組みをご紹介します。 | インターネットバンキング（法人）｜東和銀行 銀行へお出かけいただかなくても、インターネットを利用してお客様の会社のパソコンから預金の残高照会や入出金明細照会、資金の振込振替や総合振込等が行えます。 また、料金払込みサービス「Pay-easy（ペイジー）」で各種料金を払込むことができます。 所属信託会社／株式会社りそな銀行 株式会社オリックス銀行 確定拠出年金運営管理業 登録番号第751号 ©THE TOWA BANK,LTD. All Rights Reserved. | 会社概要｜株式会社東和 和室がなくても洋室にフィットする畳もありますから、自分には関係ないと思わずに参考にしてみてください。 お問い合わせはコチラへ！ ご不明な点がございましたら、まずはお気軽にご相談下さい。 | 株式会社東和の会社概要・従業員8名【2026年最新 ... 埼玉県を拠点にする内装工事業者です。 当社は商業用家具製造業、内装施工事業、事務用家具製造事業を営んでいます。 1983年に設立され、建設、工事・土木、生活用品、小売・販売・卸売、家具・インテリア、商業施設・店舗・公共施設建設、内部工事・床面工事、オフィス用品販売、家具販売の産業に関与しています。 文章は正しいですか？ 多岐にわたる製品とサービスを提供し、顧客の多様なニーズに対応しています。 製造業からサービス業まで幅広く展開し、技術力と品質管理に優れた製品を市場に供給しています。 顧客サポートやアフターサービスにも力を入れ、信頼性の高いサービスを提供しています。 文章は正しいですか？ 株式会社東和の会社概要・事業内容。 従業員数約8人（推定）、1983-07設立、未上場。",no,,,2026-07-02,part4/5
東悟コンサルティング,東悟コンサルティング,東 - Wikipedia 東 （ひがし）は、 四方位 の一つで、極地以外でおおよそ 太陽 が昇る方位であり、 地球 の 自転 する方位である。 反対の方位は西。 南北が絶対的な位置関係にあるのに対して東西は相対的な位置関係にある。 角度 では、東は90 ° となり（北を0°＝360°として、時計回りに測る）、 時刻 では、東は夜明けを表す。 地図 では、 右 側を東とする事が多い。 ただし、 星図 では逆に 左 側を東とする。 語源は太陽が登る方角という意味の「日向かし」（ヒムカシ、日向か風 [ヒムカシ]説もあり）。 なお 沖縄方言 では太陽が上がる方角という意味で「アガリ」と言う。 「東」 (east) という語は、特定地域内で東寄りの地域を指す。 | 漢字「東」の部首・画数・読み方・意味・筆順など 東は、方位のひがし / 東のほうにいく / 主人などの意味を持つ漢字です。 部首は木部（き）に属し、画数は8画です。 小学校2年生で習い、漢字検定9級に配当されています。 読み方には、トウ / ひがし / あずまなどがあります。 | 東 (曖昧さ回避) - Wikipedia 東 (大館市) - 秋田県 大館市 の地名（あずま）。 | 「東 (あずま)」の意味や使い方 わかりやすく解説 Weblio辞書 1 東の方。 東方。 2 「東琴 (あずまごと)」の略。 3 「東下 駄 (あずまげた)」の略。 4 上代 、都から 東方 の 諸国 の 総称。 東国。 5 中世 、 京都 からさして、 鎌倉 、また 鎌倉幕府 をいう。 6 近世 、 上方 (かみがた)からみて、 江戸 をいう。 [補説] 日本武尊 (やまとたけるのみこと)が 東征 の 帰途 、 碓氷 (うすい)峠（景行 紀に よる。 古事記 では 足柄 (あしがら)山）から 諸国 を 眺め 、 犠牲 となって 投身 した妃 (きさき)の 弟橘媛 (おとたちばなひめ)を しのんで 「あづまはや」と 呼びかけ たという 地名 起源説話 がある。 | 滋賀・東おうみ観光Navi 滋賀県の東部に位置する 「近江八幡市」「東近江市」「日野町」「竜王町」の旬の観光情報をお届けします。,no,,,2026-07-02,part4/5
東日本技術研究所,東日本技術研究所,"Turn Restricted Mode on or off on YouTube - Google Help Tap Settings. Tap Notifications & digital wellbeing. Tap YouTube Settings. There are two ways you can control Restricted Mode settings for your Smart Display: You can turn on or off Restricted Mode for yourself, and If you’re a device manager, you can turn on or off Restricted Mode for all other users. | Amuse - Spotify & YouTube Music Now Playing Widget - OBS Introducing Amuse by 6K Labs Stand out from the crowd of streamers by incorporating Amuse, the Spotify & YouTube Music Now Playing Widget. Let your creativity flourish and maintain a consistent aesthetic across your scenes. Discover Amuse... | Verify your YouTube account - Google Help Verify your YouTube account To verify your channel, you’ll be asked to enter a phone number. We’ll send a verification code by text or voice call to that phone number. Once you've verified your account, you can: Upload videos longer than 15 minutes. Add custom thumbnails. Live stream. Appeal Content ID claims. | Tuna | OBS Forums Tuna Lets you display information about the currently playing song in obs without running a separate program. Currently supports these music sources: Spotify (All song information (except for song label), including Cover art) MPD (All song... | YouTube recommended upload encoding settings - YouTube Help - Google Help These features are only available to partners who use YouTube Studio Content Manager. Below are recommended upload encoding settings for your videos on YouTube. Container: MP4",no,,,2026-07-02,part4/5
東海ビジネスサービス,東海ビジネスサービス,JR東海 Central Japan Railway Company JR東海の公式サイト。駅・きっぷ・TOICA・エクスプレス・カードのご利用や、企業・IR・採用情報、観光・おでかけ・キャンペーン情報などをご案内しています。| JR東海 | 東海地方 - Wikipedia 一般的には 岐阜県 ・ 静岡県 ・ 愛知県 ・ 三重県 の4県を指すとされるが、「中部日本南部の太平洋沿岸地方の称」で、通常、静岡・愛知・三重と岐阜の一部を指すとする文献 [1] や、内陸かつ東山道諸国の県である岐阜県を除いた太平洋沿岸かつ東海道諸国の県である「静岡、愛知、三重の 東海3県」とする文献 [2] 、またはおもに 言語 面をはじめとした生活・文化面の 共通性 から三重県を 近畿地方 あるいは 関西 圏として扱い [3] 中部・東海地方から除外する（その場合は岐阜・静岡・愛知が「東海3県」とされる）ケース、また、静岡・愛知2県のみを東海地方とするケースもあるなど、特にその範囲は固定しているわけではない。 | 東海 | 毎日新聞 リニア中央新幹線静岡工区を巡り、静岡県の鈴木康友知事とJR東海の丹羽俊介社長が1日、県庁で面会した。県と同社で、地域振興に関する文書を ... | 東海地方のおすすめ観光地20選 定番から穴場まで紹介 「次の旅行はどこに行こうかな？ 」と考えている方、東海地方の魅力を再発見したい方、この記事を読めば、きっとあなたにぴったりの旅のプランが見つかるはずです。 さあ、一緒に東海地方の魅力探しの旅に出かけましょう。 東海地方の観光の魅力とは | 東海の最新ニュース・深掘りコンテンツ | NHKニュース 中継ではホットな話題や出来事をたっぷりと。 知られざる旬の食材やグルメ、東海3県の“すごい”人や企業を発掘、みんなの”推し”も紹介。 ドラゴンズやグランパスなど地域のスポーツチームに密着。 命を守る防災企画も。 気象情報はどこよりも充実！,no,,,2026-07-02,part4/5
柊ソフト開発,柊ソフト開発,ヒイラギ - Wikipedia 北海道 出身のフォークグループについては「ひいらぎ (フォークグループ)」を、その他の「柊（ひいらぎ）」については「柊」をご覧ください。 この項目では、モクセイ科の常緑小高木について説明しています。 | 「柊」の読み方は？名前にも使われる漢字に込められた願いや ... ここでは、「柊」の意味や漢字の成り立ちなどを解説します。 柊 の意味 「柊」は耐寒性に優れ、丈夫で長寿とされる常緑樹です。 山地や野原などに自生しているほか、公園や庭園などでもよく植えられており、観賞用の樹木としても人気があります。 | ヒイラギ｜花の季節や香り、赤い実のなるヒイラギとの違い ... 柊（ヒイラギ）とは？ 花の咲く季節や香り、育て方、柊（ヒイラギ）と混同されている種類、クリスマスの飾りに使われる柊（ヒイラギ）と節分に飾る柊（ヒイラギ）の違い、柊（ヒイラギ）の英語の名前など。 柊（ヒイラギ）について詳しく紹介します。 | 柊（ヒイラギ）を庭に植える魅力と育て方！風水や注意点も ... 柊の風水と柊の庭木 ヒイラギを庭の構成要素として、つまり「庭木」として迎え入れることを検討する際、単なる景観の美しさや緑の豊かさを超えた、心理的および環境設計的な付加価値が非常に重要な意味を持ってきます。 | ヒイラギ（柊）とは？節分に使われる理由と育て方 - 庭木図鑑 ... 「柊」は中国の漢字ではなく日本製の国字で、「疼」にちなむか開花時期を示すものと思われる。 ・若葉はクリーム色あるいはピンク色で、葉の下方には托葉と呼ばれるクリーム色の小さな葉のようなものがある。,no,,,2026-07-02,part4/5
株式会社(カブシキガイシャ)とは？,(カブシキガイシャ)とは？,株式会社 - Wikipedia 旧法では、株式を自由に譲渡することができる公開会社と、株式の譲渡に取締役会の承認を要することを定款で定めた閉鎖会社に分かれていたが（旧商法204条1項）、新会社法では、全株式について株式会社の承認を要する旨定めることができるほか（会社法 ... | 株式会社とは？仕組みや設立のメリット・デメリットを分かり ... これから会社の設立を検討している方は、株式会社と他の形態の違いを理解し、自分に合った種類の会社を設立しましょう。 本記事では、株式会社の定義や設立するメリット等を解説します。 | 株式会社とは？仕組みや設立するメリット・デメリットを簡単 ... 画面に沿って操作するだけで、株式会社・合同会社の設立に必要な書類をかんたんに作成できます。 法人設立ワンストップサービスを利用して、オンラインで登記申請も可能。 個人事業主から法人成りを予定している方にもおすすめです。 | 株式会社とは？イラスト付きの日本一簡単でわかりやすいまとめ 株式会社について日本一簡単にわかりやすくまとめました。 株式会社は、「株式」を発行して資金を集め、仕事をしている会社です。 取締役が会社を経営し、株主が会社を所有するなど、さまざまな特徴があります。 | 株式会社とは？仕組み・合同会社などとの違い・メリットや ... 株式会社とは、株式を発行し、出資者である株主から出資を受けて事業を運営する会社形態です。 日本国内で設立される会社のなかでも、設立登記件数が多い代表的な法人形態です。 知名度が高く、取引先や金融機関から信用を得やすい場合があります。,no,,,2026-07-02,part4/5
株式会社GSI／【新宿】IT人材コーディネーター（SES営業,gsi／【新宿】it人材コーディネーター（ses営業,株式会社 - Wikipedia 旧法では、株式を自由に譲渡することができる公開会社と、株式の譲渡に取締役会の承認を要することを定款で定めた閉鎖会社に分かれていたが（旧商法204条1項）、新会社法では、全株式について株式会社の承認を要する旨定めることができるほか（会社法 ... | 株式会社とは？仕組みや設立のメリット・デメリットを分かり ... これから会社の設立を検討している方は、株式会社と他の形態の違いを理解し、自分に合った種類の会社を設立しましょう。 本記事では、株式会社の定義や設立するメリット等を解説します。 | 株式会社とは？仕組みや設立するメリット・デメリットを簡単 ... 画面に沿って操作するだけで、株式会社・合同会社の設立に必要な書類をかんたんに作成できます。 法人設立ワンストップサービスを利用して、オンラインで登記申請も可能。 個人事業主から法人成りを予定している方にもおすすめです。 | 株式会社とは？イラスト付きの日本一簡単でわかりやすいまとめ 株式会社について日本一簡単にわかりやすくまとめました。 株式会社は、「株式」を発行して資金を集め、仕事をしている会社です。 取締役が会社を経営し、株主が会社を所有するなど、さまざまな特徴があります。 | 株式会社とは？仕組み・合同会社などとの違い・メリットや ... 株式会社とは、株式を発行し、出資者である株主から出資を受けて事業を運営する会社形態です。 日本国内で設立される会社のなかでも、設立登記件数が多い代表的な法人形態です。 知名度が高く、取引先や金融機関から信用を得やすい場合があります。,no,,,2026-07-02,part4/5
株式会社I-ne,i-ne,株式会社 - Wikipedia 旧法では、株式を自由に譲渡することができる公開会社と、株式の譲渡に取締役会の承認を要することを定款で定めた閉鎖会社に分かれていたが（旧商法204条1項）、新会社法では、全株式について株式会社の承認を要する旨定めることができるほか（会社法 ... | 株式会社とは？仕組みや設立のメリット・デメリットを分かり ... これから会社の設立を検討している方は、株式会社と他の形態の違いを理解し、自分に合った種類の会社を設立しましょう。 本記事では、株式会社の定義や設立するメリット等を解説します。 | 株式会社とは？仕組みや設立するメリット・デメリットを簡単 ... 画面に沿って操作するだけで、株式会社・合同会社の設立に必要な書類をかんたんに作成できます。 法人設立ワンストップサービスを利用して、オンラインで登記申請も可能。 個人事業主から法人成りを予定している方にもおすすめです。 | 株式会社とは？イラスト付きの日本一簡単でわかりやすいまとめ 株式会社について日本一簡単にわかりやすくまとめました。 株式会社は、「株式」を発行して資金を集め、仕事をしている会社です。 取締役が会社を経営し、株主が会社を所有するなど、さまざまな特徴があります。 | 株式会社とは？仕組み・合同会社などとの違い・メリットや ... 株式会社とは、株式を発行し、出資者である株主から出資を受けて事業を運営する会社形態です。 日本国内で設立される会社のなかでも、設立登記件数が多い代表的な法人形態です。 知名度が高く、取引先や金融機関から信用を得やすい場合があります。,no,,,2026-07-02,part4/5
株式会社とは、株式を発行し、出資者である株主から出資を受けて事業を運,とは、株式を発行し、出資者である株主から出資を受けて事業を運,株式会社 - Wikipedia 旧法では、株式を自由に譲渡することができる公開会社と、株式の譲渡に取締役会の承認を要することを定款で定めた閉鎖会社に分かれていたが（旧商法204条1項）、新会社法では、全株式について株式会社の承認を要する旨定めることができるほか（会社法 ... | 株式会社とは？仕組みや設立のメリット・デメリットを分かり ... これから会社の設立を検討している方は、株式会社と他の形態の違いを理解し、自分に合った種類の会社を設立しましょう。 本記事では、株式会社の定義や設立するメリット等を解説します。 | 株式会社とは？仕組みや設立するメリット・デメリットを簡単 ... 画面に沿って操作するだけで、株式会社・合同会社の設立に必要な書類をかんたんに作成できます。 法人設立ワンストップサービスを利用して、オンラインで登記申請も可能。 個人事業主から法人成りを予定している方にもおすすめです。 | 株式会社とは？イラスト付きの日本一簡単でわかりやすいまとめ 株式会社について日本一簡単にわかりやすくまとめました。 株式会社は、「株式」を発行して資金を集め、仕事をしている会社です。 取締役が会社を経営し、株主が会社を所有するなど、さまざまな特徴があります。 | 株式会社とは？仕組み・合同会社などとの違い・メリットや ... 株式会社とは、株式を発行し、出資者である株主から出資を受けて事業を運営する会社形態です。 日本国内で設立される会社のなかでも、設立登記件数が多い代表的な法人形態です。 知名度が高く、取引先や金融機関から信用を得やすい場合があります。,no,,,2026-07-02,part4/5
株式会社とは、株式を発行して出資者（株主）から資金を集め、その資金を,とは、株式を発行して出資者（株主）から資金を集め、その資金を,株式会社 - Wikipedia 旧法では、株式を自由に譲渡することができる公開会社と、株式の譲渡に取締役会の承認を要することを定款で定めた閉鎖会社に分かれていたが（旧商法204条1項）、新会社法では、全株式について株式会社の承認を要する旨定めることができるほか（会社法 ... | 株式会社とは？仕組みや設立のメリット・デメリットを分かり ... これから会社の設立を検討している方は、株式会社と他の形態の違いを理解し、自分に合った種類の会社を設立しましょう。 本記事では、株式会社の定義や設立するメリット等を解説します。 | 株式会社とは？仕組みや設立するメリット・デメリットを簡単 ... 画面に沿って操作するだけで、株式会社・合同会社の設立に必要な書類をかんたんに作成できます。 法人設立ワンストップサービスを利用して、オンラインで登記申請も可能。 個人事業主から法人成りを予定している方にもおすすめです。 | 株式会社とは？イラスト付きの日本一簡単でわかりやすいまとめ 株式会社について日本一簡単にわかりやすくまとめました。 株式会社は、「株式」を発行して資金を集め、仕事をしている会社です。 取締役が会社を経営し、株主が会社を所有するなど、さまざまな特徴があります。 | 株式会社とは？仕組み・合同会社などとの違い・メリットや ... 株式会社とは、株式を発行し、出資者である株主から出資を受けて事業を運営する会社形態です。 日本国内で設立される会社のなかでも、設立登記件数が多い代表的な法人形態です。 知名度が高く、取引先や金融機関から信用を得やすい場合があります。,no,,,2026-07-02,part4/5
株式会社とは？イラスト付きの日本一簡単でわかりやすいまとめ,とは？イラスト付きの日本一簡単でわかりやすいまとめ,株式会社 - Wikipedia 旧法では、株式を自由に譲渡することができる公開会社と、株式の譲渡に取締役会の承認を要することを定款で定めた閉鎖会社に分かれていたが（旧商法204条1項）、新会社法では、全株式について株式会社の承認を要する旨定めることができるほか（会社法 ... | 株式会社とは？仕組みや設立のメリット・デメリットを分かり ... これから会社の設立を検討している方は、株式会社と他の形態の違いを理解し、自分に合った種類の会社を設立しましょう。 本記事では、株式会社の定義や設立するメリット等を解説します。 | 株式会社とは？仕組みや設立するメリット・デメリットを簡単 ... 画面に沿って操作するだけで、株式会社・合同会社の設立に必要な書類をかんたんに作成できます。 法人設立ワンストップサービスを利用して、オンラインで登記申請も可能。 個人事業主から法人成りを予定している方にもおすすめです。 | 株式会社とは？イラスト付きの日本一簡単でわかりやすいまとめ 株式会社について日本一簡単にわかりやすくまとめました。 株式会社は、「株式」を発行して資金を集め、仕事をしている会社です。 取締役が会社を経営し、株主が会社を所有するなど、さまざまな特徴があります。 | 株式会社とは？仕組み・合同会社などとの違い・メリットや ... 株式会社とは、株式を発行し、出資者である株主から出資を受けて事業を運営する会社形態です。 日本国内で設立される会社のなかでも、設立登記件数が多い代表的な法人形態です。 知名度が高く、取引先や金融機関から信用を得やすい場合があります。,no,,,2026-07-02,part4/5
株式会社とは？仕組みやメリット、合同会社との違い、設立,とは？仕組みやメリット、との違い、設立,株式会社 - Wikipedia 旧法では、株式を自由に譲渡することができる公開会社と、株式の譲渡に取締役会の承認を要することを定款で定めた閉鎖会社に分かれていたが（旧商法204条1項）、新会社法では、全株式について株式会社の承認を要する旨定めることができるほか（会社法 ... | 株式会社とは？仕組みや設立のメリット・デメリットを分かり ... これから会社の設立を検討している方は、株式会社と他の形態の違いを理解し、自分に合った種類の会社を設立しましょう。 本記事では、株式会社の定義や設立するメリット等を解説します。 | 株式会社とは？仕組みや設立するメリット・デメリットを簡単 ... 画面に沿って操作するだけで、株式会社・合同会社の設立に必要な書類をかんたんに作成できます。 法人設立ワンストップサービスを利用して、オンラインで登記申請も可能。 個人事業主から法人成りを予定している方にもおすすめです。 | 株式会社とは？イラスト付きの日本一簡単でわかりやすいまとめ 株式会社について日本一簡単にわかりやすくまとめました。 株式会社は、「株式」を発行して資金を集め、仕事をしている会社です。 取締役が会社を経営し、株主が会社を所有するなど、さまざまな特徴があります。 | 株式会社とは？仕組み・合同会社などとの違い・メリットや ... 株式会社とは、株式を発行し、出資者である株主から出資を受けて事業を運営する会社形態です。 日本国内で設立される会社のなかでも、設立登記件数が多い代表的な法人形態です。 知名度が高く、取引先や金融機関から信用を得やすい場合があります。,no,,,2026-07-02,part4/5
株式会社とは？仕組みや設立するメリット・デメリットを簡単,とは？仕組みや設立するメリットデメリットを簡単,株式会社 - Wikipedia 旧法では、株式を自由に譲渡することができる公開会社と、株式の譲渡に取締役会の承認を要することを定款で定めた閉鎖会社に分かれていたが（旧商法204条1項）、新会社法では、全株式について株式会社の承認を要する旨定めることができるほか（会社法 ... | 株式会社とは？仕組みや設立のメリット・デメリットを分かり ... これから会社の設立を検討している方は、株式会社と他の形態の違いを理解し、自分に合った種類の会社を設立しましょう。 本記事では、株式会社の定義や設立するメリット等を解説します。 | 株式会社とは？仕組みや設立するメリット・デメリットを簡単 ... 画面に沿って操作するだけで、株式会社・合同会社の設立に必要な書類をかんたんに作成できます。 法人設立ワンストップサービスを利用して、オンラインで登記申請も可能。 個人事業主から法人成りを予定している方にもおすすめです。 | 株式会社とは？イラスト付きの日本一簡単でわかりやすいまとめ 株式会社について日本一簡単にわかりやすくまとめました。 株式会社は、「株式」を発行して資金を集め、仕事をしている会社です。 取締役が会社を経営し、株主が会社を所有するなど、さまざまな特徴があります。 | 株式会社とは？仕組み・合同会社などとの違い・メリットや ... 株式会社とは、株式を発行し、出資者である株主から出資を受けて事業を運営する会社形態です。 日本国内で設立される会社のなかでも、設立登記件数が多い代表的な法人形態です。 知名度が高く、取引先や金融機関から信用を得やすい場合があります。,no,,,2026-07-02,part4/5
株式会社とは？仕組みや設立のメリット・デメリットを分かり,とは？仕組みや設立のメリットデメリットを分かり,株式会社 - Wikipedia 旧法では、株式を自由に譲渡することができる公開会社と、株式の譲渡に取締役会の承認を要することを定款で定めた閉鎖会社に分かれていたが（旧商法204条1項）、新会社法では、全株式について株式会社の承認を要する旨定めることができるほか（会社法 ... | 株式会社とは？仕組みや設立のメリット・デメリットを分かり ... これから会社の設立を検討している方は、株式会社と他の形態の違いを理解し、自分に合った種類の会社を設立しましょう。 本記事では、株式会社の定義や設立するメリット等を解説します。 | 株式会社とは？仕組みや設立するメリット・デメリットを簡単 ... 画面に沿って操作するだけで、株式会社・合同会社の設立に必要な書類をかんたんに作成できます。 法人設立ワンストップサービスを利用して、オンラインで登記申請も可能。 個人事業主から法人成りを予定している方にもおすすめです。 | 株式会社とは？イラスト付きの日本一簡単でわかりやすいまとめ 株式会社について日本一簡単にわかりやすくまとめました。 株式会社は、「株式」を発行して資金を集め、仕事をしている会社です。 取締役が会社を経営し、株主が会社を所有するなど、さまざまな特徴があります。 | 株式会社とは？仕組み・合同会社などとの違い・メリットや ... 株式会社とは、株式を発行し、出資者である株主から出資を受けて事業を運営する会社形態です。 日本国内で設立される会社のなかでも、設立登記件数が多い代表的な法人形態です。 知名度が高く、取引先や金融機関から信用を得やすい場合があります。,no,,,2026-07-02,part4/5
株式会社とは？仕組み・合同会社などとの違い・メリットや,とは？仕組みなどとの違いメリットや,株式会社 - Wikipedia 旧法では、株式を自由に譲渡することができる公開会社と、株式の譲渡に取締役会の承認を要することを定款で定めた閉鎖会社に分かれていたが（旧商法204条1項）、新会社法では、全株式について株式会社の承認を要する旨定めることができるほか（会社法 ... | 株式会社とは？仕組みや設立のメリット・デメリットを分かり ... これから会社の設立を検討している方は、株式会社と他の形態の違いを理解し、自分に合った種類の会社を設立しましょう。 本記事では、株式会社の定義や設立するメリット等を解説します。 | 株式会社とは？仕組みや設立するメリット・デメリットを簡単 ... 画面に沿って操作するだけで、株式会社・合同会社の設立に必要な書類をかんたんに作成できます。 法人設立ワンストップサービスを利用して、オンラインで登記申請も可能。 個人事業主から法人成りを予定している方にもおすすめです。 | 株式会社とは？イラスト付きの日本一簡単でわかりやすいまとめ 株式会社について日本一簡単にわかりやすくまとめました。 株式会社は、「株式」を発行して資金を集め、仕事をしている会社です。 取締役が会社を経営し、株主が会社を所有するなど、さまざまな特徴があります。 | 株式会社とは？仕組み・合同会社などとの違い・メリットや ... 株式会社とは、株式を発行し、出資者である株主から出資を受けて事業を運営する会社形態です。 日本国内で設立される会社のなかでも、設立登記件数が多い代表的な法人形態です。 知名度が高く、取引先や金融機関から信用を得やすい場合があります。,no,,,2026-07-02,part4/5
株式会社とは？仕組み・特徴・設立方法をわかりやすく解説,とは？仕組み特徴設立方法をわかりやすく解説,株式会社 - Wikipedia 旧法では、株式を自由に譲渡することができる公開会社と、株式の譲渡に取締役会の承認を要することを定款で定めた閉鎖会社に分かれていたが（旧商法204条1項）、新会社法では、全株式について株式会社の承認を要する旨定めることができるほか（会社法 ... | 株式会社とは？仕組みや設立のメリット・デメリットを分かり ... これから会社の設立を検討している方は、株式会社と他の形態の違いを理解し、自分に合った種類の会社を設立しましょう。 本記事では、株式会社の定義や設立するメリット等を解説します。 | 株式会社とは？仕組みや設立するメリット・デメリットを簡単 ... 画面に沿って操作するだけで、株式会社・合同会社の設立に必要な書類をかんたんに作成できます。 法人設立ワンストップサービスを利用して、オンラインで登記申請も可能。 個人事業主から法人成りを予定している方にもおすすめです。 | 株式会社とは？イラスト付きの日本一簡単でわかりやすいまとめ 株式会社について日本一簡単にわかりやすくまとめました。 株式会社は、「株式」を発行して資金を集め、仕事をしている会社です。 取締役が会社を経営し、株主が会社を所有するなど、さまざまな特徴があります。 | 株式会社とは？仕組み・合同会社などとの違い・メリットや ... 株式会社とは、株式を発行し、出資者である株主から出資を受けて事業を運営する会社形態です。 日本国内で設立される会社のなかでも、設立登記件数が多い代表的な法人形態です。 知名度が高く、取引先や金融機関から信用を得やすい場合があります。,no,,,2026-07-02,part4/5
株式会社と他の形態の違いを理解し、自分に合った種類の会社を設立しまし,と他の形態の違いを理解し、自分に合った種類の会社を設立しまし,株式会社 - Wikipedia 旧法では、株式を自由に譲渡することができる公開会社と、株式の譲渡に取締役会の承認を要することを定款で定めた閉鎖会社に分かれていたが（旧商法204条1項）、新会社法では、全株式について株式会社の承認を要する旨定めることができるほか（会社法 ... | 株式会社とは？仕組みや設立のメリット・デメリットを分かり ... これから会社の設立を検討している方は、株式会社と他の形態の違いを理解し、自分に合った種類の会社を設立しましょう。 本記事では、株式会社の定義や設立するメリット等を解説します。 | 株式会社とは？仕組みや設立するメリット・デメリットを簡単 ... 画面に沿って操作するだけで、株式会社・合同会社の設立に必要な書類をかんたんに作成できます。 法人設立ワンストップサービスを利用して、オンラインで登記申請も可能。 個人事業主から法人成りを予定している方にもおすすめです。 | 株式会社とは？イラスト付きの日本一簡単でわかりやすいまとめ 株式会社について日本一簡単にわかりやすくまとめました。 株式会社は、「株式」を発行して資金を集め、仕事をしている会社です。 取締役が会社を経営し、株主が会社を所有するなど、さまざまな特徴があります。 | 株式会社とは？仕組み・合同会社などとの違い・メリットや ... 株式会社とは、株式を発行し、出資者である株主から出資を受けて事業を運営する会社形態です。 日本国内で設立される会社のなかでも、設立登記件数が多い代表的な法人形態です。 知名度が高く、取引先や金融機関から信用を得やすい場合があります。,no,,,2026-07-02,part4/5
株式会社に,に,株式会社 - Wikipedia 旧法では、株式を自由に譲渡することができる公開会社と、株式の譲渡に取締役会の承認を要することを定款で定めた閉鎖会社に分かれていたが（旧商法204条1項）、新会社法では、全株式について株式会社の承認を要する旨定めることができるほか（会社法 ... | 株式会社とは？仕組みや設立のメリット・デメリットを分かり ... これから会社の設立を検討している方は、株式会社と他の形態の違いを理解し、自分に合った種類の会社を設立しましょう。 本記事では、株式会社の定義や設立するメリット等を解説します。 | 株式会社とは？仕組みや設立するメリット・デメリットを簡単 ... 画面に沿って操作するだけで、株式会社・合同会社の設立に必要な書類をかんたんに作成できます。 法人設立ワンストップサービスを利用して、オンラインで登記申請も可能。 個人事業主から法人成りを予定している方にもおすすめです。 | 株式会社とは？イラスト付きの日本一簡単でわかりやすいまとめ 株式会社について日本一簡単にわかりやすくまとめました。 株式会社は、「株式」を発行して資金を集め、仕事をしている会社です。 取締役が会社を経営し、株主が会社を所有するなど、さまざまな特徴があります。 | 株式会社とは？仕組み・合同会社などとの違い・メリットや ... 株式会社とは、株式を発行し、出資者である株主から出資を受けて事業を運営する会社形態です。 日本国内で設立される会社のなかでも、設立登記件数が多い代表的な法人形態です。 知名度が高く、取引先や金融機関から信用を得やすい場合があります。,no,,,2026-07-02,part4/5
株式会社について日本一簡単にわかりやすくまとめました。,について日本一簡単にわかりやすくまとめました。,株式会社 - Wikipedia 旧法では、株式を自由に譲渡することができる公開会社と、株式の譲渡に取締役会の承認を要することを定款で定めた閉鎖会社に分かれていたが（旧商法204条1項）、新会社法では、全株式について株式会社の承認を要する旨定めることができるほか（会社法 ... | 株式会社とは？仕組みや設立のメリット・デメリットを分かり ... これから会社の設立を検討している方は、株式会社と他の形態の違いを理解し、自分に合った種類の会社を設立しましょう。 本記事では、株式会社の定義や設立するメリット等を解説します。 | 株式会社とは？仕組みや設立するメリット・デメリットを簡単 ... 画面に沿って操作するだけで、株式会社・合同会社の設立に必要な書類をかんたんに作成できます。 法人設立ワンストップサービスを利用して、オンラインで登記申請も可能。 個人事業主から法人成りを予定している方にもおすすめです。 | 株式会社とは？イラスト付きの日本一簡単でわかりやすいまとめ 株式会社について日本一簡単にわかりやすくまとめました。 株式会社は、「株式」を発行して資金を集め、仕事をしている会社です。 取締役が会社を経営し、株主が会社を所有するなど、さまざまな特徴があります。 | 株式会社とは？仕組み・合同会社などとの違い・メリットや ... 株式会社とは、株式を発行し、出資者である株主から出資を受けて事業を運営する会社形態です。 日本国内で設立される会社のなかでも、設立登記件数が多い代表的な法人形態です。 知名度が高く、取引先や金融機関から信用を得やすい場合があります。,no,,,2026-07-02,part4/5
株式会社の仕組みや特徴を初心者にもわかりやすく解説します。,の仕組みや特徴を初心者にもわかりやすく解説します。,株式会社 - Wikipedia 旧法では、株式を自由に譲渡することができる公開会社と、株式の譲渡に取締役会の承認を要することを定款で定めた閉鎖会社に分かれていたが（旧商法204条1項）、新会社法では、全株式について株式会社の承認を要する旨定めることができるほか（会社法 ... | 株式会社とは？仕組みや設立のメリット・デメリットを分かり ... これから会社の設立を検討している方は、株式会社と他の形態の違いを理解し、自分に合った種類の会社を設立しましょう。 本記事では、株式会社の定義や設立するメリット等を解説します。 | 株式会社とは？仕組みや設立するメリット・デメリットを簡単 ... 画面に沿って操作するだけで、株式会社・合同会社の設立に必要な書類をかんたんに作成できます。 法人設立ワンストップサービスを利用して、オンラインで登記申請も可能。 個人事業主から法人成りを予定している方にもおすすめです。 | 株式会社とは？イラスト付きの日本一簡単でわかりやすいまとめ 株式会社について日本一簡単にわかりやすくまとめました。 株式会社は、「株式」を発行して資金を集め、仕事をしている会社です。 取締役が会社を経営し、株主が会社を所有するなど、さまざまな特徴があります。 | 株式会社とは？仕組み・合同会社などとの違い・メリットや ... 株式会社とは、株式を発行し、出資者である株主から出資を受けて事業を運営する会社形態です。 日本国内で設立される会社のなかでも、設立登記件数が多い代表的な法人形態です。 知名度が高く、取引先や金融機関から信用を得やすい場合があります。,no,,,2026-07-02,part4/5
株式会社の定義や設立するメリット等を解説します。,の定義や設立するメリット等を解説します。,株式会社 - Wikipedia 旧法では、株式を自由に譲渡することができる公開会社と、株式の譲渡に取締役会の承認を要することを定款で定めた閉鎖会社に分かれていたが（旧商法204条1項）、新会社法では、全株式について株式会社の承認を要する旨定めることができるほか（会社法 ... | 株式会社とは？仕組みや設立のメリット・デメリットを分かり ... これから会社の設立を検討している方は、株式会社と他の形態の違いを理解し、自分に合った種類の会社を設立しましょう。 本記事では、株式会社の定義や設立するメリット等を解説します。 | 株式会社とは？仕組みや設立するメリット・デメリットを簡単 ... 画面に沿って操作するだけで、株式会社・合同会社の設立に必要な書類をかんたんに作成できます。 法人設立ワンストップサービスを利用して、オンラインで登記申請も可能。 個人事業主から法人成りを予定している方にもおすすめです。 | 株式会社とは？イラスト付きの日本一簡単でわかりやすいまとめ 株式会社について日本一簡単にわかりやすくまとめました。 株式会社は、「株式」を発行して資金を集め、仕事をしている会社です。 取締役が会社を経営し、株主が会社を所有するなど、さまざまな特徴があります。 | 株式会社とは？仕組み・合同会社などとの違い・メリットや ... 株式会社とは、株式を発行し、出資者である株主から出資を受けて事業を運営する会社形態です。 日本国内で設立される会社のなかでも、設立登記件数が多い代表的な法人形態です。 知名度が高く、取引先や金融機関から信用を得やすい場合があります。,no,,,2026-07-02,part4/5
株式会社の承認を要する旨定めることができるほか（会社法,の承認を要する旨定めることができるほか（会社法,株式会社 - Wikipedia 旧法では、株式を自由に譲渡することができる公開会社と、株式の譲渡に取締役会の承認を要することを定款で定めた閉鎖会社に分かれていたが（旧商法204条1項）、新会社法では、全株式について株式会社の承認を要する旨定めることができるほか（会社法 ... | 株式会社とは？仕組みや設立のメリット・デメリットを分かり ... これから会社の設立を検討している方は、株式会社と他の形態の違いを理解し、自分に合った種類の会社を設立しましょう。 本記事では、株式会社の定義や設立するメリット等を解説します。 | 株式会社とは？仕組みや設立するメリット・デメリットを簡単 ... 画面に沿って操作するだけで、株式会社・合同会社の設立に必要な書類をかんたんに作成できます。 法人設立ワンストップサービスを利用して、オンラインで登記申請も可能。 個人事業主から法人成りを予定している方にもおすすめです。 | 株式会社とは？イラスト付きの日本一簡単でわかりやすいまとめ 株式会社について日本一簡単にわかりやすくまとめました。 株式会社は、「株式」を発行して資金を集め、仕事をしている会社です。 取締役が会社を経営し、株主が会社を所有するなど、さまざまな特徴があります。 | 株式会社とは？仕組み・合同会社などとの違い・メリットや ... 株式会社とは、株式を発行し、出資者である株主から出資を受けて事業を運営する会社形態です。 日本国内で設立される会社のなかでも、設立登記件数が多い代表的な法人形態です。 知名度が高く、取引先や金融機関から信用を得やすい場合があります。,no,,,2026-07-02,part4/5
株式会社は、「株式」を発行して資金を集め、仕事をしている会社です。,は、「株式」を発行して資金を集め、仕事をしている会社です。,株式会社 - Wikipedia 旧法では、株式を自由に譲渡することができる公開会社と、株式の譲渡に取締役会の承認を要することを定款で定めた閉鎖会社に分かれていたが（旧商法204条1項）、新会社法では、全株式について株式会社の承認を要する旨定めることができるほか（会社法 ... | 株式会社とは？仕組みや設立のメリット・デメリットを分かり ... これから会社の設立を検討している方は、株式会社と他の形態の違いを理解し、自分に合った種類の会社を設立しましょう。 本記事では、株式会社の定義や設立するメリット等を解説します。 | 株式会社とは？仕組みや設立するメリット・デメリットを簡単 ... 画面に沿って操作するだけで、株式会社・合同会社の設立に必要な書類をかんたんに作成できます。 法人設立ワンストップサービスを利用して、オンラインで登記申請も可能。 個人事業主から法人成りを予定している方にもおすすめです。 | 株式会社とは？イラスト付きの日本一簡単でわかりやすいまとめ 株式会社について日本一簡単にわかりやすくまとめました。 株式会社は、「株式」を発行して資金を集め、仕事をしている会社です。 取締役が会社を経営し、株主が会社を所有するなど、さまざまな特徴があります。 | 株式会社とは？仕組み・合同会社などとの違い・メリットや ... 株式会社とは、株式を発行し、出資者である株主から出資を受けて事業を運営する会社形態です。 日本国内で設立される会社のなかでも、設立登記件数が多い代表的な法人形態です。 知名度が高く、取引先や金融機関から信用を得やすい場合があります。,no,,,2026-07-02,part4/5
株式会社は、取締役会を設置しなければ、発起人1人でも設立することが可,は、取締役会を設置しなければ、発起人1人でも設立することが可,株式会社 - Wikipedia 旧法では、株式を自由に譲渡することができる公開会社と、株式の譲渡に取締役会の承認を要することを定款で定めた閉鎖会社に分かれていたが（旧商法204条1項）、新会社法では、全株式について株式会社の承認を要する旨定めることができるほか（会社法 ... | 株式会社とは？仕組みや設立のメリット・デメリットを分かり ... これから会社の設立を検討している方は、株式会社と他の形態の違いを理解し、自分に合った種類の会社を設立しましょう。 本記事では、株式会社の定義や設立するメリット等を解説します。 | 株式会社とは？仕組みや設立するメリット・デメリットを簡単 ... 画面に沿って操作するだけで、株式会社・合同会社の設立に必要な書類をかんたんに作成できます。 法人設立ワンストップサービスを利用して、オンラインで登記申請も可能。 個人事業主から法人成りを予定している方にもおすすめです。 | 株式会社とは？イラスト付きの日本一簡単でわかりやすいまとめ 株式会社について日本一簡単にわかりやすくまとめました。 株式会社は、「株式」を発行して資金を集め、仕事をしている会社です。 取締役が会社を経営し、株主が会社を所有するなど、さまざまな特徴があります。 | 株式会社とは？仕組み・合同会社などとの違い・メリットや ... 株式会社とは、株式を発行し、出資者である株主から出資を受けて事業を運営する会社形態です。 日本国内で設立される会社のなかでも、設立登記件数が多い代表的な法人形態です。 知名度が高く、取引先や金融機関から信用を得やすい場合があります。,no,,,2026-07-02,part4/5
株式会社アイグルーヴ／【未経験歓迎】SES営業,アイグルーヴ／【未経験歓迎】ses営業,株式会社 - Wikipedia 旧法では、株式を自由に譲渡することができる公開会社と、株式の譲渡に取締役会の承認を要することを定款で定めた閉鎖会社に分かれていたが（旧商法204条1項）、新会社法では、全株式について株式会社の承認を要する旨定めることができるほか（会社法 ... | 株式会社とは？仕組みや設立のメリット・デメリットを分かり ... これから会社の設立を検討している方は、株式会社と他の形態の違いを理解し、自分に合った種類の会社を設立しましょう。 本記事では、株式会社の定義や設立するメリット等を解説します。 | 株式会社とは？仕組みや設立するメリット・デメリットを簡単 ... 画面に沿って操作するだけで、株式会社・合同会社の設立に必要な書類をかんたんに作成できます。 法人設立ワンストップサービスを利用して、オンラインで登記申請も可能。 個人事業主から法人成りを予定している方にもおすすめです。 | 株式会社とは？イラスト付きの日本一簡単でわかりやすいまとめ 株式会社について日本一簡単にわかりやすくまとめました。 株式会社は、「株式」を発行して資金を集め、仕事をしている会社です。 取締役が会社を経営し、株主が会社を所有するなど、さまざまな特徴があります。 | 株式会社とは？仕組み・合同会社などとの違い・メリットや ... 株式会社とは、株式を発行し、出資者である株主から出資を受けて事業を運営する会社形態です。 日本国内で設立される会社のなかでも、設立登記件数が多い代表的な法人形態です。 知名度が高く、取引先や金融機関から信用を得やすい場合があります。,no,,,2026-07-02,part4/5
株式会社アーキテクトコア／IT人材コーディネーター,アーキテクトコア／it人材コーディネーター,株式会社 - Wikipedia 旧法では、株式を自由に譲渡することができる公開会社と、株式の譲渡に取締役会の承認を要することを定款で定めた閉鎖会社に分かれていたが（旧商法204条1項）、新会社法では、全株式について株式会社の承認を要する旨定めることができるほか（会社法 ... | 株式会社とは？仕組みや設立のメリット・デメリットを分かり ... これから会社の設立を検討している方は、株式会社と他の形態の違いを理解し、自分に合った種類の会社を設立しましょう。 本記事では、株式会社の定義や設立するメリット等を解説します。 | 株式会社とは？仕組みや設立するメリット・デメリットを簡単 ... 画面に沿って操作するだけで、株式会社・合同会社の設立に必要な書類をかんたんに作成できます。 法人設立ワンストップサービスを利用して、オンラインで登記申請も可能。 個人事業主から法人成りを予定している方にもおすすめです。 | 株式会社とは？イラスト付きの日本一簡単でわかりやすいまとめ 株式会社について日本一簡単にわかりやすくまとめました。 株式会社は、「株式」を発行して資金を集め、仕事をしている会社です。 取締役が会社を経営し、株主が会社を所有するなど、さまざまな特徴があります。 | 株式会社とは？仕組み・合同会社などとの違い・メリットや ... 株式会社とは、株式を発行し、出資者である株主から出資を受けて事業を運営する会社形態です。 日本国内で設立される会社のなかでも、設立登記件数が多い代表的な法人形態です。 知名度が高く、取引先や金融機関から信用を得やすい場合があります。,no,,,2026-07-02,part4/5
株式会社エンジニアのミカタ／【西新宿】SES営業,エンジニアのミカタ／【西新宿】ses営業,株式会社 - Wikipedia 旧法では、株式を自由に譲渡することができる公開会社と、株式の譲渡に取締役会の承認を要することを定款で定めた閉鎖会社に分かれていたが（旧商法204条1項）、新会社法では、全株式について株式会社の承認を要する旨定めることができるほか（会社法 ... | 株式会社とは？仕組みや設立のメリット・デメリットを分かり ... これから会社の設立を検討している方は、株式会社と他の形態の違いを理解し、自分に合った種類の会社を設立しましょう。 本記事では、株式会社の定義や設立するメリット等を解説します。 | 株式会社とは？仕組みや設立するメリット・デメリットを簡単 ... 画面に沿って操作するだけで、株式会社・合同会社の設立に必要な書類をかんたんに作成できます。 法人設立ワンストップサービスを利用して、オンラインで登記申請も可能。 個人事業主から法人成りを予定している方にもおすすめです。 | 株式会社とは？イラスト付きの日本一簡単でわかりやすいまとめ 株式会社について日本一簡単にわかりやすくまとめました。 株式会社は、「株式」を発行して資金を集め、仕事をしている会社です。 取締役が会社を経営し、株主が会社を所有するなど、さまざまな特徴があります。 | 株式会社とは？仕組み・合同会社などとの違い・メリットや ... 株式会社とは、株式を発行し、出資者である株主から出資を受けて事業を運営する会社形態です。 日本国内で設立される会社のなかでも、設立登記件数が多い代表的な法人形態です。 知名度が高く、取引先や金融機関から信用を得やすい場合があります。,no,,,2026-07-02,part4/5
