company_name,corporate_url,recruit_url,ses_sales_recruit_url,source,crawl_date,priority
合同会社ASTRA,,,,engage,2026-07-02,yes
合同会社ETOD,,,,engage,2026-07-02,yes
合同会社FYB,,,,engage,2026-07-02,yes
合同会社GM,,,,engage,2026-07-02,yes
合同会社TOIRO,,,,engage,2026-07-02,yes
合同会社の,,,,engage,2026-07-02,yes
合同会社の採用・求人情報,,,,engage,2026-07-02,yes
合同会社は、Webマーケティング支援やインフルエンサー事業、ブランディング支援などを展開する企業です。営業チームの業務が円滑に進むよう、書類作成やスケジュール調整などの事務サポートを担当していただきます。フォーマットや業務手順が整っているため、安心して仕事を進められる環境です。,,,,engage,2026-07-02,yes
合同会社ウィステリア,,,,engage,2026-07-02,yes
合同会社コアアクシス,,,,engage,2026-07-02,yes
合同会社シストリー,,,,engage,2026-07-02,yes
合同会社シマーシステム,,,,engage,2026-07-02,yes
合同会社ミスターアウトバウンド,,,,engage,2026-07-02,yes
有限会社すまい倶楽部,,,,engage,2026-07-02,yes
有限会社モールドモデル,,,,engage,2026-07-02,yes
有限会社東北物産,,,,engage,2026-07-02,yes
株式会社B-SESSION,,,,engage,2026-07-02,yes
株式会社BIG,,,,engage,2026-07-02,yes
株式会社BIT,,,,engage,2026-07-02,yes
株式会社Bunble,,,,engage,2026-07-02,yes
株式会社CAIRN,,,,engage,2026-07-02,yes
株式会社Center,,,,engage,2026-07-02,yes
株式会社CocoPalette,,,,engage,2026-07-02,yes
株式会社Crestix,,,,engage,2026-07-02,yes
株式会社Dexall,,,,engage,2026-07-02,yes
株式会社DreamersLand,,,,engage,2026-07-02,yes
株式会社EMI,,,,engage,2026-07-02,yes
株式会社FIVE,,,,engage,2026-07-02,yes
株式会社HAPIAS,,,,engage,2026-07-02,yes
株式会社HIT,,,,engage,2026-07-02,yes
株式会社IDOM,,,,engage,2026-07-02,yes
株式会社IVRESS,,,,engage,2026-07-02,yes
株式会社InterLink,,,,engage,2026-07-02,yes
株式会社KADODE,,,,engage,2026-07-02,yes
株式会社LB,,,,engage,2026-07-02,yes
株式会社LIBERTE,,,,engage,2026-07-02,yes
株式会社LIMARKS,,,,engage,2026-07-02,yes
株式会社Leap,,,,engage,2026-07-02,yes
株式会社Legit,,,,engage,2026-07-02,yes
株式会社Lib,,,,engage,2026-07-02,yes
株式会社LiiM,,,,engage,2026-07-02,yes
株式会社Linksprout,,,,engage,2026-07-02,yes
株式会社MOCHIRON,,,,engage,2026-07-02,yes
株式会社MagicPlus,,,,engage,2026-07-02,yes
株式会社Navy,,,,engage,2026-07-02,yes
株式会社Necmos,,,,engage,2026-07-02,yes
株式会社NooWork,,,,engage,2026-07-02,yes
株式会社Only,,,,engage,2026-07-02,yes
株式会社Otaks,,,,engage,2026-07-02,yes
株式会社POCKETS,,,,engage,2026-07-02,yes
株式会社PPFパートナーズ,,,,engage,2026-07-02,yes
株式会社Qvou,,,,engage,2026-07-02,yes
株式会社SEシェア,,,,engage,2026-07-02,yes
株式会社SIGNPOST,,,,engage,2026-07-02,yes
株式会社STREAM,,,,engage,2026-07-02,yes
株式会社SeeD,,,,engage,2026-07-02,yes
株式会社Space,,,,engage,2026-07-02,yes
株式会社TBTソリューションズ,,,,engage,2026-07-02,yes
株式会社TryAgain,,,,engage,2026-07-02,yes
株式会社USTソリューション,,,,engage,2026-07-02,yes
株式会社Vinculum,,,,engage,2026-07-02,yes
株式会社Wisdom,,,,engage,2026-07-02,yes
株式会社bogey,,,,engage,2026-07-02,yes
株式会社effortact,,,,engage,2026-07-02,yes
株式会社iGrus,,,,engage,2026-07-02,yes
株式会社on,,,,engage,2026-07-02,yes
株式会社resolve,,,,engage,2026-07-02,yes
株式会社valvix,,,,engage,2026-07-02,yes
株式会社】に委託しております。今回の採用・選考に関して開示いただいた個人情報を同社へ開示する事と一部の業務を同社にて実施する事をあらかじめご了承ください。,,,,engage,2026-07-02,yes
株式会社つむぐ,,,,engage,2026-07-02,yes
株式会社では、介護事業所向け業務支援システムやヘルパーと事業所のマッチングプラットフォーム開発など、様々な事業を立ち上げてきました。,,,,engage,2026-07-02,yes
株式会社は2022年2月に日本法人を設立し、業績好調につき10名の増員を予定しております。今後は更に日本マーケットでの事業を加速させていきます。,,,,engage,2026-07-02,yes
株式会社は、障がいをお持ちの方の就労をサポートする就労支援施設を全国7施設体制で運営しています。,,,,engage,2026-07-02,yes
株式会社アイビネット,,,,engage,2026-07-02,yes
株式会社アクシージア,,,,engage,2026-07-02,yes
株式会社アクセスブリッジ,,,,engage,2026-07-02,yes
株式会社アクターリアリティー,,,,engage,2026-07-02,yes
株式会社アスソラ,,,,engage,2026-07-02,yes
株式会社アスタ,,,,engage,2026-07-02,yes
株式会社アスペクト,,,,engage,2026-07-02,yes
株式会社アドバンスホールディングス,,,,engage,2026-07-02,yes
株式会社アンドディファレンス,,,,engage,2026-07-02,yes
株式会社アンビシャス,,,,engage,2026-07-02,yes
株式会社イズム,,,,engage,2026-07-02,yes
株式会社イデアルアーキテクツ,,,,engage,2026-07-02,yes
株式会社イントゥ,,,,engage,2026-07-02,yes
株式会社イヴレス,,,,engage,2026-07-02,yes
株式会社ウィステリアエンジニアリング,,,,engage,2026-07-02,yes
株式会社エイビス,,,,engage,2026-07-02,yes
株式会社エクシードジャパン,,,,engage,2026-07-02,yes
株式会社エコすまいる,,,,engage,2026-07-02,yes
株式会社エス・イー・プロジェクト,,,,engage,2026-07-02,yes
株式会社エス・マーケティング・デザイン・ジャパン,,,,engage,2026-07-02,yes
株式会社エトワール,,,,engage,2026-07-02,yes
株式会社エヌエム・ヒューマテック,,,,engage,2026-07-02,yes
株式会社エフェクト,,,,engage,2026-07-02,yes
株式会社エムディティ・インターナショナル,,,,engage,2026-07-02,yes
株式会社エンジニアのミカタ,,,,engage,2026-07-02,yes
株式会社エーピーテック,,,,engage,2026-07-02,yes
株式会社オリジナルプラン,,,,engage,2026-07-02,yes
株式会社オークファン,,,,engage,2026-07-02,yes
株式会社オール,,,,engage,2026-07-02,yes
株式会社オールニード,,,,engage,2026-07-02,yes
株式会社カイショー,,,,engage,2026-07-02,yes
株式会社ガット,,,,engage,2026-07-02,yes
株式会社ガーディアン,,,,engage,2026-07-02,yes
株式会社クオンツ,,,,engage,2026-07-02,yes
株式会社クレス,,,,engage,2026-07-02,yes
株式会社グリーンメディカル,,,,engage,2026-07-02,yes
株式会社グローバルキャスト,,,,engage,2026-07-02,yes
株式会社ケーエムケーワールド,,,,engage,2026-07-02,yes
株式会社コスモジャパン,,,,engage,2026-07-02,yes
株式会社コーボー,,,,engage,2026-07-02,yes
株式会社サイネットプラス,,,,engage,2026-07-02,yes
株式会社サカイ引越センタ－,,,,engage,2026-07-02,yes
株式会社サカタ製作所,,,,engage,2026-07-02,yes
株式会社サンソフト,,,,engage,2026-07-02,yes
株式会社サーバントップ,,,,engage,2026-07-02,yes
株式会社システムイオ,,,,engage,2026-07-02,yes
株式会社システムサポート,,,,engage,2026-07-02,yes
株式会社システムリンク,,,,engage,2026-07-02,yes
株式会社システム・コミュニケート,,,,engage,2026-07-02,yes
株式会社シャルム,,,,engage,2026-07-02,yes
株式会社ジェリービーンズグループ,,,,engage,2026-07-02,yes
株式会社ジーアフター,,,,engage,2026-07-02,yes
株式会社スキルマーク,,,,engage,2026-07-02,yes
株式会社スタイル・フリー,,,,engage,2026-07-02,yes
株式会社スタッフライフ,,,,engage,2026-07-02,yes
株式会社ストックラボ,,,,engage,2026-07-02,yes
株式会社タイムチケット,,,,engage,2026-07-02,yes
株式会社タスクフォース,,,,engage,2026-07-02,yes
株式会社タックスインターナショナル,,,,engage,2026-07-02,yes
株式会社ダイレクト・リンク,,,,engage,2026-07-02,yes
株式会社ツナググループ・ホールディングス,,,,engage,2026-07-02,yes
株式会社ツリーベル,,,,engage,2026-07-02,yes
株式会社ティアレス,,,,engage,2026-07-02,yes
株式会社テイクス,,,,engage,2026-07-02,yes
株式会社テイクス/新宿オフィス,,,,engage,2026-07-02,yes
株式会社テクノプロ,,,,engage,2026-07-02,yes
株式会社テレ・マーカー,,,,engage,2026-07-02,yes
株式会社デスクスタイル,,,,engage,2026-07-02,yes
株式会社デンカシンキ,,,,engage,2026-07-02,yes
株式会社トップヒルズ,,,,engage,2026-07-02,yes
株式会社トラストアンドテクノロジー,,,,engage,2026-07-02,yes
株式会社ナレルグループ,,,,engage,2026-07-02,yes
株式会社ニチコン,,,,engage,2026-07-02,yes
株式会社ニトエル,,,,engage,2026-07-02,yes
株式会社ネオ・コーポレーション,,,,engage,2026-07-02,yes
株式会社ネクストキャリア,,,,engage,2026-07-02,yes
株式会社ネットウェーブ,,,,engage,2026-07-02,yes
株式会社ハウシーク,,,,engage,2026-07-02,yes
株式会社ハジマリ,,,,engage,2026-07-02,yes
株式会社ハッピーデザイン,,,,engage,2026-07-02,yes
株式会社ビジョン,,,,engage,2026-07-02,yes
株式会社ビズコネクト,,,,engage,2026-07-02,yes
株式会社ビヨンドソフトホールディングス,,,,engage,2026-07-02,yes
株式会社ビーイング,,,,engage,2026-07-02,yes
株式会社ビースタイルメディア,,,,engage,2026-07-02,yes
株式会社ピイアイシイ,,,,engage,2026-07-02,yes
株式会社フィクシー,,,,engage,2026-07-02,yes
株式会社フロンティア仙台オフィス,,,,engage,2026-07-02,yes
株式会社ブレイカーズ,,,,engage,2026-07-02,yes
株式会社プラウドデータ,,,,engage,2026-07-02,yes
株式会社プロパゲート,,,,engage,2026-07-02,yes
株式会社ベオスアイティーホールディングス,,,,engage,2026-07-02,yes
株式会社マルヤスモータース,,,,engage,2026-07-02,yes
株式会社マーキュリー,,,,engage,2026-07-02,yes
株式会社ミラクルソリューション,,,,engage,2026-07-02,yes
株式会社ミリアド,,,,engage,2026-07-02,yes
株式会社メディステップ,,,,engage,2026-07-02,yes
株式会社メリオフトゥーロ,,,,engage,2026-07-02,yes
株式会社メルシーヴォ,,,,engage,2026-07-02,yes
株式会社ユニバーサルコンツェルン,,,,engage,2026-07-02,yes
株式会社ユーアイソフトウェア,,,,engage,2026-07-02,yes
株式会社ユーネット,,,,engage,2026-07-02,yes
株式会社ユービー,,,,engage,2026-07-02,yes
株式会社ユー・エス・イービジネスソリューション,,,,engage,2026-07-02,yes
株式会社ライズサービス,,,,engage,2026-07-02,yes
株式会社ライフパートナーズ,,,,engage,2026-07-02,yes
株式会社ライブエスト,,,,engage,2026-07-02,yes
株式会社ラフライン,,,,engage,2026-07-02,yes
株式会社ラプテック,,,,engage,2026-07-02,yes
株式会社リクラシ,,,,engage,2026-07-02,yes
株式会社リソースクリエイション,,,,engage,2026-07-02,yes
株式会社リンクスタッフグループ,,,,engage,2026-07-02,yes
株式会社レイズリンクス,,,,engage,2026-07-02,yes
株式会社レッグス,,,,engage,2026-07-02,yes
株式会社レンタルのニッケン,,,,engage,2026-07-02,yes
株式会社ロジ勤怠システム,,,,engage,2026-07-02,yes
株式会社ワンウェブ,,,,engage,2026-07-02,yes
株式会社ヴェシカ,,,,engage,2026-07-02,yes
株式会社中野エージェント,,,,engage,2026-07-02,yes
株式会社丸亀製麺,,,,engage,2026-07-02,yes
株式会社保険見直し本舗,,,,engage,2026-07-02,yes
株式会社兼六コンピュータサービス,,,,engage,2026-07-02,yes
株式会社創気パートナーズ,,,,engage,2026-07-02,yes
株式会社和心,,,,engage,2026-07-02,yes
株式会社富士グループ,,,,engage,2026-07-02,yes
株式会社富士ハウジング,,,,engage,2026-07-02,yes
株式会社日本マイクロニクス,,,,engage,2026-07-02,yes
株式会社林寺メディノール,,,,engage,2026-07-02,yes
株式会社浜屋,,,,engage,2026-07-02,yes
株式会社湘建,,,,engage,2026-07-02,yes
株式会社熊本店,,,,engage,2026-07-02,yes
株式会社週刊大阪日日新聞社,,,,engage,2026-07-02,yes
株式会社陽幸,,,,engage,2026-07-02,yes
株式会社（i-Seven株式会社）,,,,engage,2026-07-02,yes
株式会社（英文名称：P.EN.S,,,,engage,2026-07-02,yes
株式会社Ｂ・Ｐ・Ｓ,,,,engage,2026-07-02,yes
株式会社Ｄｅｆ,,,,engage,2026-07-02,yes
株式会社ＧＳＤ,,,,engage,2026-07-02,yes
株式会社Ｇｏ‐ｂｌｉｎｇ,,,,engage,2026-07-02,yes
株式会社ＪＡＰＡＮＳＯＬＵＴＩＯＮＳ,,,,engage,2026-07-02,yes
株式会社ＭＴＦ,,,,engage,2026-07-02,yes
株式会社ＮEXT,,,,engage,2026-07-02,yes
株式会社ＮＩＳ,,,,engage,2026-07-02,yes
株式会社ＮＮＡ,,,,engage,2026-07-02,yes
株式会社Ｎａｓｃｏｍ,,,,engage,2026-07-02,yes
株式会社ＮｅｔＦｉｌｅ,,,,engage,2026-07-02,yes
株式会社Ｐ,,,,engage,2026-07-02,yes
株式会社ＳＤビジョン,,,,engage,2026-07-02,yes
株式会社ＳＫＫｎｅｘｔ,,,,engage,2026-07-02,yes
株式会社ＺＯＯＡ,,,,engage,2026-07-02,yes
株式会社ｉＲｕｐ,,,,engage,2026-07-02,yes
合同会社COLORIER,,,,engage,2026-07-02,
合同会社ReBuild,,,,engage,2026-07-02,
合同会社S-nico,,,,engage,2026-07-02,
合同会社は、IT・デジタルツールを活用したコンサルティングサービスを提供しています。本求人は、営業チームやコンサルタントの業務をバックオフィスから支える営業事務職の募集です。データ入力や書類作成など、フォーマットやテンプレートに沿った業務が中心で、入社後は研修・OJTを通じて仕事の進め方や基本スキルを段階的に習得できます。,,,,engage,2026-07-02,
合同会社は、IT・デジタルツールを活用したコンサルティングサービスを提供しています。本求人は、営業支援やITツール導入支援をバックオフィスから支える一般事務職の募集です。書類作成やデータ入力など、フォーマットに沿って進める業務が中心で、研修＋OJTを通じて仕事の進め方や基本スキルを段階的に習得できます。,,,,engage,2026-07-02,
合同会社は、IT領域でマーケティング支援や新規事業の立ち上げに取り組む会社です。今回募集する一般事務は、営業・マーケティングチームの業務がスムーズに進むよう、書類作成やデータ管理などを担当します。新卒の方向けに、業務の進め方は研修・OJTで段階的にお伝えします。,,,,engage,2026-07-02,
合同会社ダイク・カンパニー,,,,engage,2026-07-02,
合同会社中小企業ＤＸ研究所,,,,engage,2026-07-02,
合同会社北陸ホームサービス,,,,engage,2026-07-02,
合同会社Ｈｕｎｄｒｅｄ,,,,engage,2026-07-02,
合同会社ｈｉｔｏｒｉｃｃｏ,,,,engage,2026-07-02,
合同会社ｙｔｃ,,,,engage,2026-07-02,
有限会社エアフォルク,,,,engage,2026-07-02,
有限会社大曽根新聞店,,,,engage,2026-07-02,
有限会社ＧｌｏｒｙＤｅｓｉｇｎ,,,,engage,2026-07-02,
株式会社0235,,,,engage,2026-07-02,
株式会社AKIMA,,,,engage,2026-07-02,
株式会社APPY,,,,engage,2026-07-02,
株式会社ASP,,,,engage,2026-07-02,
株式会社ASW,,,,engage,2026-07-02,
株式会社AliveCast,,,,engage,2026-07-02,
株式会社ApplyNow,,,,engage,2026-07-02,
株式会社Beyourself,,,,engage,2026-07-02,
株式会社C-mind,,,,engage,2026-07-02,
株式会社CONVICTION,,,,engage,2026-07-02,
株式会社Caluck,,,,engage,2026-07-02,
株式会社Colorful,,,,engage,2026-07-02,
株式会社CrossOver,,,,engage,2026-07-02,
株式会社D.I.G,,,,engage,2026-07-02,
株式会社DONUTS,,,,engage,2026-07-02,
株式会社DYM,,,,engage,2026-07-02,
株式会社DellaForce,,,,engage,2026-07-02,
株式会社DripSquare,,,,engage,2026-07-02,
株式会社Enginee,,,,engage,2026-07-02,
株式会社Eye,,,,engage,2026-07-02,
株式会社F's,,,,engage,2026-07-02,
株式会社Foresters,,,,engage,2026-07-02,
株式会社FunClock,,,,engage,2026-07-02,
株式会社GENZ,,,,engage,2026-07-02,
株式会社GOOYA,,,,engage,2026-07-02,
株式会社Gracias,,,,engage,2026-07-02,
株式会社Growship,,,,engage,2026-07-02,
株式会社H&Company,,,,engage,2026-07-02,
株式会社HCB,,,,engage,2026-07-02,
株式会社HP：https://pandacare.co.jp,,,,engage,2026-07-02,
株式会社HRX,,,,engage,2026-07-02,
株式会社J,,,,engage,2026-07-02,
株式会社KAMING,,,,engage,2026-07-02,
株式会社KEC,,,,engage,2026-07-02,
株式会社KEIYOグループ（株式会社KEIYO,,,,engage,2026-07-02,
株式会社KMS,,,,engage,2026-07-02,
株式会社L.S.A,,,,engage,2026-07-02,
株式会社Life,,,,engage,2026-07-02,
株式会社LiveAgent,,,,engage,2026-07-02,
株式会社MYC,,,,engage,2026-07-02,
株式会社Mamol（メアモール）,,,,engage,2026-07-02,
株式会社Michtale,,,,engage,2026-07-02,
株式会社Musubi,,,,engage,2026-07-02,
株式会社Mマート,,,,engage,2026-07-02,
株式会社NAP,,,,engage,2026-07-02,
株式会社NPC,,,,engage,2026-07-02,
株式会社NULL,,,,engage,2026-07-02,
株式会社Nanimono,,,,engage,2026-07-02,
株式会社Nextage,,,,engage,2026-07-02,
株式会社One'sWill,,,,engage,2026-07-02,
株式会社Oriental,,,,engage,2026-07-02,
株式会社PRAGE,,,,engage,2026-07-02,
株式会社Pie,,,,engage,2026-07-02,
株式会社Plever,,,,engage,2026-07-02,
株式会社REGAL,,,,engage,2026-07-02,
株式会社RSP,,,,engage,2026-07-02,
株式会社SKY,,,,engage,2026-07-02,
株式会社SSCBS,,,,engage,2026-07-02,
株式会社StellarCreate,,,,engage,2026-07-02,
株式会社Sun,,,,engage,2026-07-02,
株式会社TERRA,,,,engage,2026-07-02,
株式会社TRIAD,,,,engage,2026-07-02,
株式会社The,,,,engage,2026-07-02,
株式会社Too,,,,engage,2026-07-02,
株式会社Traders,,,,engage,2026-07-02,
株式会社TransWith,,,,engage,2026-07-02,
株式会社Treeva,,,,engage,2026-07-02,
株式会社Unlimited,,,,engage,2026-07-02,
株式会社VR,,,,engage,2026-07-02,
株式会社Vuetech,,,,engage,2026-07-02,
株式会社WeAgri,,,,engage,2026-07-02,
株式会社Xedge,,,,engage,2026-07-02,
株式会社YNP,,,,engage,2026-07-02,
株式会社YUIT,,,,engage,2026-07-02,
株式会社Zugzwang,,,,engage,2026-07-02,
株式会社iSoftStone,,,,engage,2026-07-02,
株式会社iフォースラボ,,,,engage,2026-07-02,
株式会社next-innovation,,,,engage,2026-07-02,
株式会社overcom,,,,engage,2026-07-02,
株式会社shake-handsの営業事務活動に専念いただきます。,,,,engage,2026-07-02,
株式会社zero-state,,,,engage,2026-07-02,
株式会社」です。,,,,engage,2026-07-02,
株式会社」です。近年は異常気象やサイバー攻撃などの環境変化があり、損害保険分野のニーズが高まっています。これまで以上にお客さまの声に応え、サービスの充実を図るために、リスクコンサルタントを積極採用します。,,,,engage,2026-07-02,
株式会社あわわ,,,,engage,2026-07-02,
株式会社いいね,,,,engage,2026-07-02,
株式会社いきがい,,,,engage,2026-07-02,
株式会社うかい,,,,engage,2026-07-02,
株式会社かんぽ生命保険,,,,engage,2026-07-02,
株式会社の「契約社員」としてご入社いただき、配属先の企業様にてご就業いただく働き方です。,,,,engage,2026-07-02,
株式会社のロゴマークです。様々な人達との繋がりを大切に・架け橋となることを願いを込めましたロゴマークです。,,,,engage,2026-07-02,
株式会社の全国唯一の総合特約店です。,,,,engage,2026-07-02,
株式会社の学生営業インターンとして、法人向けのWebSaaSサービスの提案営業を担当していただきます。,,,,engage,2026-07-02,
株式会社の役員のアシスタントをお願い致します。,,,,engage,2026-07-02,
株式会社は、システム開発とSES事業を柱に、お客様のビジネス課題をITで解決するプロフェッショナル集団です。設立以来、多様な業界のお客様と信頼関係を築き、着実に成長を続けています。,,,,engage,2026-07-02,
株式会社は、企業とITエンジニアをつなぐSES事業を行っています。,,,,engage,2026-07-02,
株式会社はこんな会社です】,,,,engage,2026-07-02,
株式会社ひかるケアサービス,,,,engage,2026-07-02,
株式会社ぴーぷる,,,,engage,2026-07-02,
株式会社よかわん,,,,engage,2026-07-02,
株式会社アイテクノ,,,,engage,2026-07-02,
株式会社アイビー,,,,engage,2026-07-02,
株式会社アイベックス,,,,engage,2026-07-02,
株式会社アイワット,,,,engage,2026-07-02,
株式会社アカネサス,,,,engage,2026-07-02,
株式会社アクア,,,,engage,2026-07-02,
株式会社アクセル,,,,engage,2026-07-02,
株式会社アクターリアリティー大阪本社,,,,engage,2026-07-02,
株式会社アクターリアリティー東京オフィス,,,,engage,2026-07-02,
株式会社アクトマーケティング,,,,engage,2026-07-02,
株式会社アクレット,,,,engage,2026-07-02,
株式会社アクロフロンティア,,,,engage,2026-07-02,
株式会社アジェクト,,,,engage,2026-07-02,
株式会社アストラ,,,,engage,2026-07-02,
株式会社アスライト,,,,engage,2026-07-02,
株式会社アトモニ,,,,engage,2026-07-02,
株式会社アバンテ,,,,engage,2026-07-02,
株式会社アリストテック,,,,engage,2026-07-02,
株式会社アリーナ・プロフェッショナル,,,,engage,2026-07-02,
株式会社アルチザネットワークス,,,,engage,2026-07-02,
株式会社アルテニア,,,,engage,2026-07-02,
株式会社アルファコンサルティング,,,,engage,2026-07-02,
株式会社アルファコーポレーション,,,,engage,2026-07-02,
株式会社アンスール,,,,engage,2026-07-02,
株式会社アーティストユニオン,,,,engage,2026-07-02,
株式会社イシカワコーポレーション,,,,engage,2026-07-02,
株式会社インタースペース,,,,engage,2026-07-02,
株式会社インテンション,,,,engage,2026-07-02,
株式会社インフロント,,,,engage,2026-07-02,
株式会社インプル,,,,engage,2026-07-02,
株式会社イースト・コースト・ワン,,,,engage,2026-07-02,
株式会社ウェルスペック,,,,engage,2026-07-02,
株式会社ウルトラホールディングス,,,,engage,2026-07-02,
株式会社ウルトラ・ヴァイヴ,,,,engage,2026-07-02,
株式会社エイチ・ティー・エル,,,,engage,2026-07-02,
株式会社エクシオジャパン,,,,engage,2026-07-02,
株式会社エスアール,,,,engage,2026-07-02,
株式会社エスジー,,,,engage,2026-07-02,
株式会社エスライズ・エージェンシー,,,,engage,2026-07-02,
株式会社エトスコーポレーション,,,,engage,2026-07-02,
株式会社エフ・オー・プランニング,,,,engage,2026-07-02,
株式会社エム・アンド・アイ,,,,engage,2026-07-02,
株式会社エンゲージ,,,,engage,2026-07-02,
株式会社エーエスジャパン,,,,engage,2026-07-02,
株式会社エーシーエス,,,,engage,2026-07-02,
株式会社オキシス,,,,engage,2026-07-02,
株式会社オルデンティアコーポレーション,,,,engage,2026-07-02,
株式会社オロ宮崎,,,,engage,2026-07-02,
株式会社オンポジ,,,,engage,2026-07-02,
株式会社オンライズ,,,,engage,2026-07-02,
株式会社オープンアップネクストエンジニア,,,,engage,2026-07-02,
株式会社ガトラボ,,,,engage,2026-07-02,
株式会社ガーデンメーカー,,,,engage,2026-07-02,
株式会社キッズコーポレーション,,,,engage,2026-07-02,
株式会社キッツ,,,,engage,2026-07-02,
株式会社キャリアブロックス,,,,engage,2026-07-02,
株式会社キャンプネット,,,,engage,2026-07-02,
株式会社ギークリー,,,,geekly,2026-07-02,
株式会社クエストワークス,,,,engage,2026-07-02,
株式会社クオーレ,,,,engage,2026-07-02,
株式会社クスリのアオキ,,,,engage,2026-07-02,
株式会社クラシアン,,,,engage,2026-07-02,
株式会社クラフト情報システム,,,,engage,2026-07-02,
株式会社クリアステージ,,,,engage,2026-07-02,
株式会社クリアビジョン,,,,engage,2026-07-02,
株式会社クリエイション,,,,engage,2026-07-02,
株式会社クレシオ,,,,engage,2026-07-02,
株式会社クレステック,,,,engage,2026-07-02,
株式会社グリームオーブ,,,,engage,2026-07-02,
株式会社グルーファーム,,,,engage,2026-07-02,
株式会社グロシード,,,,engage,2026-07-02,
株式会社グローバルイノベーション,,,,engage,2026-07-02,
株式会社グローバルダイニング,,,,engage,2026-07-02,
株式会社グローバルネットワークコーポレーション,,,,engage,2026-07-02,
株式会社ケープロジェクト,,,,engage,2026-07-02,
株式会社コアシンク,,,,engage,2026-07-02,
株式会社コアズイノベーション,,,,engage,2026-07-02,
株式会社コム・ネット,,,,engage,2026-07-02,
株式会社コード,,,,engage,2026-07-02,
株式会社コーフク,,,,engage,2026-07-02,
株式会社ゴルジャパン,,,,engage,2026-07-02,
株式会社サプリーム,,,,engage,2026-07-02,
株式会社サンエスオプテック,,,,engage,2026-07-02,
株式会社サンシーア,,,,engage,2026-07-02,
株式会社シェアコープ,,,,engage,2026-07-02,
株式会社システムトラスト,,,,engage,2026-07-02,
株式会社システムプレジール,,,,engage,2026-07-02,
株式会社システム・クリエート,,,,engage,2026-07-02,
株式会社シスナビ,,,,engage,2026-07-02,
株式会社シフト,,,,engage,2026-07-02,
株式会社ショウエイ,,,,engage,2026-07-02,
株式会社シリウス,,,,engage,2026-07-02,
株式会社シンニチ,,,,engage,2026-07-02,
株式会社シーカーユニット,,,,engage,2026-07-02,
株式会社シーグ,,,,engage,2026-07-02,
株式会社シーディア,,,,engage,2026-07-02,
株式会社シービジョン,,,,engage,2026-07-02,
株式会社シー・アンド・シー・ワークス,,,,engage,2026-07-02,
株式会社ジパング,,,,engage,2026-07-02,
株式会社スカイセンス,,,,engage,2026-07-02,
株式会社スカイテック,,,,engage,2026-07-02,
株式会社スター,,,,engage,2026-07-02,
株式会社スターキッド,,,,engage,2026-07-02,
株式会社スチームシップ,,,,engage,2026-07-02,
株式会社スパークル,,,,engage,2026-07-02,
株式会社スポスル,,,,engage,2026-07-02,
株式会社スマイルコレクション,,,,engage,2026-07-02,
株式会社スマレジ,,,,engage,2026-07-02,
株式会社スマートスタイル,,,,engage,2026-07-02,
株式会社スミリオン,,,,engage,2026-07-02,
株式会社ズットモ,,,,engage,2026-07-02,
株式会社セイン,,,,engage,2026-07-02,
株式会社セレクティ（西日本アウトソーシング事業部）,,,,engage,2026-07-02,
株式会社センスインタナショナル,,,,engage,2026-07-02,
株式会社ゼネックコミュニケーション,,,,engage,2026-07-02,
株式会社ソフトガーデン,,,,engage,2026-07-02,
株式会社ソフトユージング,,,,engage,2026-07-02,
株式会社ソリトンシステムズ,,,,engage,2026-07-02,
株式会社タイムホールディングス,,,,engage,2026-07-02,
株式会社タカショーデジテック,,,,engage,2026-07-02,
株式会社タツミ,,,,engage,2026-07-02,
株式会社タレックス,,,,engage,2026-07-02,
株式会社タレントボックス,,,,engage,2026-07-02,
株式会社ダイワ,,,,engage,2026-07-02,
株式会社ダブルスタンダード,,,,engage,2026-07-02,
株式会社ティコンサルティング,,,,engage,2026-07-02,
株式会社ティ・ティ・ワン,,,,engage,2026-07-02,
株式会社ティーアイ,,,,engage,2026-07-02,
株式会社ティーイーシーシステム,,,,engage,2026-07-02,
株式会社テクトレージ,,,,engage,2026-07-02,
株式会社テックエデュケイションカンパニー,,,,engage,2026-07-02,
株式会社デジタルガーデンシステム,,,,engage,2026-07-02,
株式会社デジプレート,,,,engage,2026-07-02,
株式会社デージーネット,,,,engage,2026-07-02,
株式会社トラストスタンダード,,,,engage,2026-07-02,
株式会社トリニタス,,,,engage,2026-07-02,
株式会社トレビ,,,,engage,2026-07-02,
株式会社ナレッジ・キューブ・システムズ,,,,engage,2026-07-02,
株式会社ネットアシスト,,,,engage,2026-07-02,
株式会社ネットシステム,,,,engage,2026-07-02,
株式会社ハピネス,,,,engage,2026-07-02,
株式会社ハンズオンカンパニー,,,,engage,2026-07-02,
株式会社バサラ,,,,engage,2026-07-02,
株式会社パンクチュアル,,,,engage,2026-07-02,
株式会社ヒト・コミュニケーションズ,,,,engage,2026-07-02,
株式会社ヒート,,,,engage,2026-07-02,
株式会社ビジネス・リンク,,,,engage,2026-07-02,
株式会社ビヨンドワークス,,,,engage,2026-07-02,
株式会社ビーオルグ,,,,engage,2026-07-02,
株式会社ビーライン,,,,engage,2026-07-02,
株式会社ビー・フロンティア,,,,engage,2026-07-02,
株式会社ファイバーゲート,,,,engage,2026-07-02,
株式会社ファイブサービス,,,,engage,2026-07-02,
株式会社ファインシステム,,,,engage,2026-07-02,
株式会社ファングリー,,,,engage,2026-07-02,
株式会社ファースト,,,,engage,2026-07-02,
株式会社フォレストバンク,,,,engage,2026-07-02,
株式会社フクベイフーズ,,,,engage,2026-07-02,
株式会社フジタカ,,,,engage,2026-07-02,
株式会社フューチャーブレイン,,,,engage,2026-07-02,
株式会社フリースタイル,,,,engage,2026-07-02,
株式会社フレッシー,,,,engage,2026-07-02,
株式会社フロンティアソリューション,,,,engage,2026-07-02,
株式会社フーレイ,,,,engage,2026-07-02,
株式会社ブックルックチーム,,,,engage,2026-07-02,
株式会社プライムスタイル,,,,engage,2026-07-02,
株式会社プラン＆アイ,,,,engage,2026-07-02,
株式会社ベストシッピング,,,,engage,2026-07-02,
株式会社ベストリイム,,,,engage,2026-07-02,
株式会社ベネッセコーポレーション,,,,engage,2026-07-02,
株式会社ベル,,,,engage,2026-07-02,
株式会社ホワイトハウス,,,,engage,2026-07-02,
株式会社マッシュアップブレイン,,,,engage,2026-07-02,
株式会社マルチタスク,,,,engage,2026-07-02,
株式会社マーチ,,,,engage,2026-07-02,
株式会社ミセス・コーポレーション,,,,engage,2026-07-02,
株式会社ミツエーリンクス,,,,engage,2026-07-02,
株式会社ミドリヤ,,,,engage,2026-07-02,
株式会社メイク,,,,engage,2026-07-02,
株式会社メグダイ,,,,engage,2026-07-02,
株式会社メディカルネット,,,,engage,2026-07-02,
株式会社メーヴェ,,,,engage,2026-07-02,
株式会社ユニコーンテクノロジー,,,,engage,2026-07-02,
株式会社ユビーネット,,,,engage,2026-07-02,
株式会社ユーエムイーネッツ,,,,engage,2026-07-02,
株式会社ヨンヒャクド,,,,engage,2026-07-02,
株式会社ラセン,,,,engage,2026-07-02,
株式会社ラッドクルーです！,,,,engage,2026-07-02,
株式会社ラフトワークス,,,,engage,2026-07-02,
株式会社ラフライフ東京本社,,,,engage,2026-07-02,
株式会社ランドスキップ,,,,engage,2026-07-02,
株式会社リガーレジャパン,,,,engage,2026-07-02,
株式会社リザラズ,,,,engage,2026-07-02,
株式会社リッケイ,,,,engage,2026-07-02,
株式会社リッシュパートナーズ,,,,engage,2026-07-02,
株式会社リベント,,,,engage,2026-07-02,
株式会社リンクアット・ジャパン,,,,engage,2026-07-02,
株式会社リードコナン,,,,engage,2026-07-02,
株式会社リーピー,,,,engage,2026-07-02,
株式会社ルミエール日向,,,,engage,2026-07-02,
株式会社レガリス,,,,engage,2026-07-02,
株式会社ロイズコーポレーション,,,,engage,2026-07-02,
株式会社ワイドテック,,,,engage,2026-07-02,
株式会社ワンゴジュウゴ,,,,engage,2026-07-02,
株式会社ワーク,,,,engage,2026-07-02,
株式会社ヴィジョナリーヴァンガード,,,,engage,2026-07-02,
株式会社三条中央青果卸売市場,,,,engage,2026-07-02,
株式会社三知,,,,engage,2026-07-02,
株式会社九州共栄システムズ,,,,engage,2026-07-02,
株式会社京阪毎日舎,,,,engage,2026-07-02,
株式会社内子会社のコーポレートコーチ株式会社(※ビジネスコーチの100％子会社)への出向となります。,,,,engage,2026-07-02,
株式会社北斗会計法律事務所,,,,engage,2026-07-02,
株式会社北日本土地,,,,engage,2026-07-02,
株式会社名川ネットワーク,,,,engage,2026-07-02,
株式会社四葉企画,,,,engage,2026-07-02,
株式会社大塚商会/平均年収780万円/オフィス内で使うモノソリューション営業,,,,engage,2026-07-02,
株式会社宮崎,,,,engage,2026-07-02,
株式会社富士山マガジンサービス,,,,engage,2026-07-02,
株式会社常盤商会,,,,engage,2026-07-02,
株式会社平成エンタープライズ,,,,engage,2026-07-02,
株式会社志摩電子工業,,,,engage,2026-07-02,
株式会社愛家,,,,engage,2026-07-02,
株式会社日本ビジネスデータープロセシングセンター,,,,engage,2026-07-02,
株式会社日通建,,,,engage,2026-07-02,
株式会社本社,,,,engage,2026-07-02,
株式会社本社事務所,,,,engage,2026-07-02,
株式会社村田ソフトウェアサービス,,,,engage,2026-07-02,
株式会社東京ファッション,,,,engage,2026-07-02,
株式会社港屋珈琲,,,,engage,2026-07-02,
株式会社生和,,,,engage,2026-07-02,
株式会社磯上商事,,,,engage,2026-07-02,
株式会社綜合キャリアオプション,,,,engage,2026-07-02,
株式会社言語サービス,,,,engage,2026-07-02,
株式会社週刊つりニュース,,,,engage,2026-07-02,
株式会社鈴弥洋行,,,,engage,2026-07-02,
株式会社鎌倉新書,,,,engage,2026-07-02,
株式会社関口海苔店,,,,engage,2026-07-02,
株式会社雅創,,,,engage,2026-07-02,
株式会社（NEC）』『株式会社インターネットイニシアティブ（IIJ）』などの大手IT企業も多数！,,,,engage,2026-07-02,
株式会社（アベールソリューションズグループ）,,,,engage,2026-07-02,
株式会社／bossjob,,,,engage,2026-07-02,
株式会社：営業事務】,,,,engage,2026-07-02,
株式会社ＢｅＰｒｉｍｅ,,,,engage,2026-07-02,
株式会社ＣＮＭ,,,,engage,2026-07-02,
株式会社ＣｒｏｗｎＳｔｒａｔｅｇｙ,,,,engage,2026-07-02,
株式会社ＤＴＤ,,,,engage,2026-07-02,
株式会社ＦＩＳＴＢＵＭＰ,,,,engage,2026-07-02,
株式会社Ｆｒｉ,,,,engage,2026-07-02,
株式会社Ｆｕｎｋｉｔ,,,,engage,2026-07-02,
株式会社Ｈｉｌｌｓ,,,,engage,2026-07-02,
株式会社ＩＫＵＳＡ,,,,engage,2026-07-02,
株式会社ＩＴｐｌｕｓ,,,,engage,2026-07-02,
株式会社ＩｎｎｏｖａｔｉｏｎＰｌｕｓ),,,,engage,2026-07-02,
株式会社ＭＯＲＩＨＢＣ,,,,engage,2026-07-02,
株式会社ＯＭＵＳＵＢＩ,,,,engage,2026-07-02,
株式会社ＯＳＫプランニング,,,,engage,2026-07-02,
株式会社Ｓｏｌａ．ｃｏｍ,,,,engage,2026-07-02,
株式会社ＴＳ－ＰＲＯＪＥＣＴ,,,,engage,2026-07-02,
株式会社ＵＰＦ,,,,engage,2026-07-02,
株式会社ＶＡＣＡＶＯ,,,,engage,2026-07-02,
株式会社ＷｉｔｈＧｒｉｔ,,,,engage,2026-07-02,
株式会社ｉｐｅ,,,,engage,2026-07-02,
株式会社ｏＲｏ,,,,engage,2026-07-02,
株式会社ｏｔｔａ,,,,engage,2026-07-02,
株式会社ｒｏｏｆ,,,,engage,2026-07-02,
株式会社ｙｏｕｋｉｍｉ,,,,engage,2026-07-02,
