query,url,title,snippet,domain,crawl_date
"""SES営業"" ""粗利"" ""インセンティブ""",https://note.com/ryo3847/n/n2424a3caf255,IT営業転職で失敗する人と成功する人の違いは「翻訳力」だった ...,粗利率が高い企業（SaaSや自社開発）は利益が出やすく、社員の年収やインセンティブ、労働環境に還元されやすい構造です。 ここを狙うだけで、入社後の年収と働き方が大きく変わります。 各選考の歩留まりを計算すると、対策なしでは15〜20社応募して1社内定が出るかどうかが現実です。 しかし、 本書の「翻訳力の型」を知るだけで、あなたはライバルを抜いて上位5〜8%の合格圏に入れます。 正しい戦略は、内定率を3〜5倍に引き上げます。 未経験者が最優先でターゲットにすべきは「自社開発」または「業界大手の受託開発企業」です。 中小SES（客先常駐型）に比べ、価格のコントロール権があり、労働時間が管理しやすく、覚えるべき専門知識の範囲が限定されています。 未経験からでも最短で前線に立てる環境が整っています。,note.com,2026-07-02
"""SES営業"" ""粗利"" ""%""",https://crowdworks.jp/public/jobs/13253690,【ストック型インセン／フルリモート】SES新規開拓営業｜決め ...,【ストック型インセン／フルリモート】SES新規開拓営業｜決めたエンジニアの稼働中は継続で粗利10%のお仕事詳細です。 独立・フリーランスから副業、在宅ワーク、内職まであなたにぴったりの案件を探すことができます。,crowdworks.jp,2026-07-02
"""SES営業"" ""粗利"" ""%""",https://suki-iki.mynavi.jp/job/799/4517,【最大1H単価3500円＋成果報酬 (月間粗利12%～40% ...,"スキイキ produced by マイナビ： [12万5,000円〜56万円/月・フルリモート] 株式会社リードヴァンス／SES営業の案件情報 |【スキイキ】フリーランス・副業の案件",suki-iki.mynavi.jp,2026-07-02
"""SES営業"" ""粗利"" ""%""",https://next.rikunabi.com/viewjob/jka5fcd5d5fb5ca70f,【SES営業】インセンティブに上限なし!『粗利の25%』を稼働中 ...,株式会社エムアイメイズ 自社採用 【SES営業】インセンティブに上限なし!『粗利の25%』を稼働中ずっと還元。 年収2000万円を目指すシニア営業。 の転職・求人情報ページです。 あなたに合った求人を見つけよう！,next.rikunabi.com,2026-07-02
"""SES営業"" ""粗利"" ""還元""",https://jp.indeed.com/q-ses-e-%e6%b1%82%e4%ba%ba.html,ses e の求人 - Indeed (インディード),"【SES営業】インセンティブに上限なし!『粗利の25%』を稼働中ずっと還元。 月収100万円以上を目指すシニア営業。 株式会社エムアイメイズ 東京都 新宿区 西新宿 年俸 240万円 ~ 1,800万円 正社員 Indeed で応募 30+日前",jp.indeed.com,2026-07-02
"""SES営業"" ""歩合"" ""粗利""",https://www.hellowork.careers/%EF%BC%B3%EF%BC%A5%EF%BC%B3+%E6%A0%AA%E5%BC%8F%E4%BC%9A%E7%A4%BE%E9%96%A2%E9%80%A3%E3%81%AE%E3%83%8F%E3%83%AD%E3%83%BC%E3%83%AF%E3%83%BC%E3%82%AF%E6%B1%82%E4%BA%BA,SES 株式会社の求人 | ハローワークの求人を検索,歩合 粗利額のMAX80～50%を月単位で支払い。 - 業務委託・フリーランス. 業務内容は、＜人材の発掘・確保⇒顧客との打合せ⇒提案活動⇒面談設定⇒商談の成約⇒契約関連の事務処理⇒稼働人材のサポート＞となりますが、経験や希望に応じて、業務範囲を限定することや支援・サポートを受けることも可能です。 不安な点は相談しながら進めることが可能です。 ... SES事業及び職業訓練校を運営している当社の総務人事部にて、下記のお仕事をお任せします。 こ... ★IT未経験歓迎！ 客先常駐を中心として、受託案件で上流工程から下流工程まで幅広く挑戦できる★. 現在は多数のエンジニアやプログラマーが在籍中です。 新たにSESとして一緒に働く仲間を大募集中！,hellowork.careers,2026-07-02
"""SES営業"" ""ストック型"" ""インセンティブ""",https://type.jp/job-company/48708,株式会社イルミナの求人・中途採用－転職ならtype,SES営業にありがちな 「ノルマに追われて無理なマッチングをする」 「技術が分からないまま案件を右から左に流す」 といった課題に対し、 同社では売上ノルマを設けず、 粗利の20%を毎月還元するストック型の報酬制度を構築。,type.jp,2026-07-02
"""BP営業"" ""粗利"" ""%""",https://note.com/yshirt_ch/n/na2b14f0c96ee,キーエンス解剖 / 凡事徹底も洗練すれば粗利8割になるものなの ...,今回取り上げる一冊、いや一企業の営業利益率はなんと51.9%。 売上高から売上原価を引いた売上総利益、つまりは粗利益は約8900億円、粗利率として見ると約84%と驚異的な数字になっていることがわかります（いずれも2025年3月期）。,note.com,2026-07-02
"""BP営業"" ""粗利"" ""%""",https://x.com/rasuku_net_com/status/2021769576435068979,"【SES業務委託エージェント募集】 月間案件数 40,000件 登録 ...",・提案は毎月大量に入ります ・契約事務は総務が対応 ・請求処理もバックオフィス完備 営業は “つなぐこと” に集中。 ⸻ 報酬設計（売上総利益ベース） 例） 単価60万 − 要員50万 ＝ 売上総利益 10万円 この粗利に対して 段階報酬を適用します。 G1：〜100万 → 10% G2：100〜200万 → 15% G3：200〜300万 → 20% G4：300〜600万 → 25% G5：600万以上 → 30% ⸻ モデルケース 月間売上総利益 50万円（最低目標） → 年間600万円 G5到達で 報酬 180万円／年 本気でやれば 副業レベルではなく 事業レベルになります。,x.com,2026-07-02
"""SES営業"" ""インセンティブ"" ""上限なし""",https://townwork.net/company/810108688,株式会社エムアイメイズ 自社採用のアルバイト・バイト企業 ...,"【SES営業】インセンティブに上限なし!『粗利の25%』を稼働中ずっと還元。月収100万円以上を目指すシニア営業。 株式会社エムアイメイズ 年俸2,400,000円～18,000,000円",townwork.net,2026-07-02
"""SES営業"" ""報酬設計"" ""粗利""",https://tenshoku-ex.jp/job_40382025,【株式会社Lime】【未経験歓迎｜賃貸営業】OJT・研修あり ...,"SES営業／職業紹介営業／ノルマなし／BP800社の基盤あり／年収800万円可／基本... 株式会社イルミナ 給与 \粗利20%を""毎月""あなたの給与に上... 勤務地 東京都 気になる！ 企画営業*業界未経験歓迎*完全週休2日制&土日祝休み*既存8割*テレアポ・ノルマなし...",tenshoku-ex.jp,2026-07-02
"""SES営業"" ""報酬設計"" ""粗利""",https://type.jp/job-1/1353492_detail,株式会社イルミナの転職・求人情報|開発エンジニア／経験3年 ...,SES営業にありがちな 「ノルマに追われて無理なマッチングをする」 「技術が分からないまま案件を右から左に流す」 といった課題に対し、 同社では売上ノルマを設けず、 粗利の20%を毎月還元するストック型の報酬制度を構築。,type.jp,2026-07-02
"""SES"" ""営業"" ""粗利50%""",https://note.com/mendokusai_dev/n/nb3c2d0f776eb,Applied Materialsの“最高値更新→翌日8%安”AI装置株、SES ...,調整後EPSも過去最高の2.86ドルで、営業利益率は約32%に乗った。 『増収しても薄利』だった装置業が、粗利50%の高収益ビジネスに化けている。 会社は2026年の半導体装置事業を前年比+30%超に伸ばすと見込む。,note.com,2026-07-02
"""SES"" ""営業"" ""粗利60%""",https://xn--pckua2a7gp15o89zb.com/%E5%80%8B%E4%BA%BA%E4%BA%8B%E6%A5%AD%E4%B8%BB%E3%81%AE%E4%BB%95%E4%BA%8B-%E5%9C%A8%E5%AE%85,個人事業主の転職・求人情報 - 在宅｜求人ボックス,太陽光営業／粗利60%還元／完全歩合制／副業OK K.K168 在宅 月給30万円～130万円 業務委託 【仕事内容】自由に働いて、高歩合でしっかり稼ぎたい方へ/ 副業・フルコミ・ 個人事業主・ 営業経験者歓迎!/ 個人,xn--pckua2a7gp15o89zb.com,2026-07-02
"""SES"" ""営業"" ""粗利20%""",https://tenshoku-ex.jp/job_40176724,【株式会社トレタ】フィールドセールス 飲食店向けシステム ...,"SES営業／職業紹介営業／ノルマなし／BP800社の基盤あり／年収800万円可／基本... 株式会社イルミナ 給与 \粗利20%を""毎月""あなたの給与に上... 勤務地 東京都 気になる！ シール・文具を扱うルート営業／未経験大歓迎／土日祝休／年休123日／残業 ...",tenshoku-ex.jp,2026-07-02
"""SES"" ""営業"" ""粗利20%""",https://type.jp/job-condition/1002/94/spid6257,リモートワークOK！営業職求人特集－転職ならtype,SES営業／職業紹介営業／ノルマなし／BP800社の基盤あり／年収800万円可／基本在宅／年休124日 案件が積み上がるほど毎月の手取りが増える。 BP800社×粗利20%毎月支給で年収800万円を狙うSES営業。 ... 掲載終了予定日： 2026.07.23 求人を見る 検討中に入れる,type.jp,2026-07-02
"""SES"" ""営業"" ""粗利20%""",https://tenshoku-ex.jp/job_40229405,【株式会社SmartHR】【東京】フィールドセールス 登録数7万社 ...,"SES営業／職業紹介営業／ノルマなし／BP800社の基盤あり／年収800万円可／基本... 株式会社イルミナ 給与 \粗利20%を""毎月""あなたの給与に上... 勤務地 東京都 気になる！ 人材コンサルタント*未経験/第二新卒/ブランクOK*新規事業立ち上げメンバー*業績 ...",tenshoku-ex.jp,2026-07-02
