company_name,capital,location,source,crawl_date
株式会社の承認を要する旨定めることができるほか（会社法,,,ses_media_bing,2026-07-02
株式会社とは？仕組みや設立のメリット・デメリットを分かり,,,ses_media_bing,2026-07-02
株式会社と他の形態の違いを理解し、自分に合った種類の会社を設立しまし,,,ses_media_bing,2026-07-02
株式会社の定義や設立するメリット等を解説します。,,,ses_media_bing,2026-07-02
株式会社とは？仕組みや設立するメリット・デメリットを簡単,,,ses_media_bing,2026-07-02
株式会社・合同会社の設立に必要な書類をかんたんに作成できます。,,,ses_media_bing,2026-07-02
株式会社とは？イラスト付きの日本一簡単でわかりやすいまとめ,,,ses_media_bing,2026-07-02
株式会社について日本一簡単にわかりやすくまとめました。,,,ses_media_bing,2026-07-02
株式会社は、「株式」を発行して資金を集め、仕事をしている会社です。,,,ses_media_bing,2026-07-02
株式会社とは？仕組み・合同会社などとの違い・メリットや,,,ses_media_bing,2026-07-02
株式会社とは、株式を発行し、出資者である株主から出資を受けて事業を運,,,ses_media_bing,2026-07-02
株式会社とは？仕組み・特徴・設立方法をわかりやすく解説,,,ses_media_bing,2026-07-02
株式会社の仕組みや特徴を初心者にもわかりやすく解説します。,,,ses_media_bing,2026-07-02
合同会社との違いまで詳しく紹介。,,,ses_media_bing,2026-07-02
株式会社設立の人数は何人から？従業員数・役員数の条件を,,,ses_media_bing,2026-07-02
株式会社は、取締役会を設置しなければ、発起人1人でも設立することが可,,,ses_media_bing,2026-07-02
株式会社に,,,ses_media_bing,2026-07-02
株式会社の,,,ses_media_bing,2026-07-02
株式会社の,,,ses_media_bing,2026-07-02
株式会社とは？仕組みやメリット、合同会社との違い、設立,,,ses_media_bing,2026-07-02
株式会社とは、株式を発行して出資者（株主）から資金を集め、その資金を,,,ses_media_bing,2026-07-02
株式会社(カブシキガイシャ)とは？,,,ses_media_bing,2026-07-02
