query,result_url,title,snippet,search_engine
engage:SESの求人,https://en-gage.net/user/search/desc/9781742/,,,engage_list
engage:SESの求人,https://en-gage.net/user/search/desc/8586246/,,,engage_list
engage:SESの求人,https://en-gage.net/user/search/desc/16832013/,,,engage_list
engage:SESの求人,https://en-gage.net/user/search/desc/5435682/,,,engage_list
engage:SESの求人,https://en-gage.net/user/search/desc/12684486/,,,engage_list
engage:SESの求人,https://en-gage.net/user/search/desc/8649014/,,,engage_list
engage:SESの求人,https://en-gage.net/user/search/desc/16835595/,,,engage_list
engage:SESの求人,https://en-gage.net/user/search/desc/6682890/,,,engage_list
engage:SESの求人,https://en-gage.net/user/search/desc/13441581/,,,engage_list
engage:SESの求人,https://en-gage.net/user/search/desc/11164815/,,,engage_list
engage:SESの求人,https://en-gage.net/user/search/desc/15699844/,,,engage_list
engage:SESの求人,https://en-gage.net/user/search/desc/5923366/,,,engage_list
engage:SESの求人,https://en-gage.net/user/search/desc/8554552/,,,engage_list
engage:SESの求人,https://en-gage.net/user/search/desc/5932009/,,,engage_list
engage:SESの求人,https://en-gage.net/user/search/desc/17067418/,,,engage_list
engage:SESの求人,https://en-gage.net/user/search/desc/15237490/,,,engage_list
engage:SESの求人,https://en-gage.net/user/search/desc/17395827/,,,engage_list
engage:SESの求人,https://en-gage.net/user/search/desc/16831141/,,,engage_list
engage:SESの求人,https://en-gage.net/user/search/desc/9387629/,,,engage_list
engage:SESの求人,https://en-gage.net/user/search/desc/12503016/,,,engage_list
engage:SESの求人,https://en-gage.net/user/search/desc/12246304/,,,engage_list
engage:SESの求人,https://en-gage.net/user/search/desc/12790010/,,,engage_list
engage:SESの求人,https://en-gage.net/user/search/desc/1578018/,,,engage_list
engage:SESの求人,https://en-gage.net/user/search/desc/2800043/,,,engage_list
engage:SESの求人,https://en-gage.net/user/search/desc/17404736/,,,engage_list
engage:SESの求人,https://en-gage.net/user/search/desc/16974505/,,,engage_list
engage:SESの求人,https://en-gage.net/user/search/desc/468353/,,,engage_list
engage:SESの求人,https://en-gage.net/user/search/desc/16450146/,,,engage_list
engage:SESの求人,https://en-gage.net/user/search/desc/17066984/,,,engage_list
engage:SESの求人,https://en-gage.net/user/search/desc/13160616/,,,engage_list
engage:SESの求人,https://en-gage.net/user/search/desc/9014987/,,,engage_list
engage:SESの求人,https://en-gage.net/user/search/desc/13085741/,,,engage_list
engage:SESの求人,https://en-gage.net/user/search/desc/3737778/,,,engage_list
engage:SESの求人,https://en-gage.net/user/search/desc/10349655/,,,engage_list
engage:SESの求人,https://en-gage.net/user/search/desc/13464266/,,,engage_list
engage:SESの求人,https://en-gage.net/user/search/desc/14976769/,,,engage_list
engage:SESの求人,https://en-gage.net/user/search/desc/3479962/,,,engage_list
engage:SESの求人,https://en-gage.net/user/search/desc/15972307/,,,engage_list
engage:SESの求人,https://en-gage.net/user/search/desc/15150668/,,,engage_list
engage:SESの求人,https://en-gage.net/user/search/desc/3855697/,,,engage_list
engage:SESの求人,https://en-gage.net/user/search/desc/15022957/,,,engage_list
engage:SESの求人,https://en-gage.net/user/search/desc/16220418/,,,engage_list
engage:SESの求人,https://en-gage.net/user/search/desc/9405148/,,,engage_list
engage:SESの求人,https://en-gage.net/user/search/desc/5035390/,,,engage_list
engage:SESの求人,https://en-gage.net/user/search/desc/17207615/,,,engage_list
engage:SESの求人,https://en-gage.net/user/search/desc/2691071/,,,engage_list
engage:SESの求人,https://en-gage.net/user/search/desc/16203585/,,,engage_list
engage:SESの求人,https://en-gage.net/user/search/desc/16541323/,,,engage_list
engage:SESの求人,https://en-gage.net/user/search/desc/2491667/,,,engage_list
engage:SESの求人,https://en-gage.net/user/search/desc/13967143/,,,engage_list
engage:SESの求人,https://en-gage.net/user/search/desc/10304886/,,,engage_list
engage:SESの求人,https://en-gage.net/user/search/desc/11833000/,,,engage_list
engage:SESの求人,https://en-gage.net/user/search/desc/14946675/,,,engage_list
engage:SESの求人,https://en-gage.net/user/search/desc/15413073/,,,engage_list
engage:SESの求人,https://en-gage.net/user/search/desc/6459875/,,,engage_list
engage:SESの求人,https://en-gage.net/user/search/desc/14575271/,,,engage_list
engage:SESの求人,https://en-gage.net/user/search/desc/1146838/,,,engage_list
engage:SESの求人,https://en-gage.net/user/search/desc/14951074/,,,engage_list
engage:SESの求人,https://en-gage.net/user/search/desc/15151668/,,,engage_list
engage:SESの求人,https://en-gage.net/user/search/desc/17008462/,,,engage_list
engage:SESの求人,https://en-gage.net/user/search/desc/14681700/,,,engage_list
engage:SESの求人,https://en-gage.net/user/search/desc/12188265/,,,engage_list
engage:SESの求人,https://en-gage.net/user/search/desc/7434899/,,,engage_list
engage:SESの求人,https://en-gage.net/user/search/desc/4166967/,,,engage_list
engage:SESの求人,https://en-gage.net/user/search/desc/14000161/,,,engage_list
engage:SESの求人,https://en-gage.net/user/search/desc/344332/,,,engage_list
engage:SESの求人,https://en-gage.net/user/search/desc/28485/,,,engage_list
engage:SESの求人,https://en-gage.net/user/search/desc/7434774/,,,engage_list
engage:SESの求人,https://en-gage.net/user/search/desc/14529013/,,,engage_list
engage:SESの求人,https://en-gage.net/user/search/desc/14732624/,,,engage_list
engage:SESの求人,https://en-gage.net/user/search/desc/14107334/,,,engage_list
engage:SESの求人,https://en-gage.net/user/search/desc/16178497/,,,engage_list
engage:SESの求人,https://en-gage.net/user/search/desc/16951020/,,,engage_list
engage:SESの求人,https://en-gage.net/user/search/desc/14914772/,,,engage_list
engage:SESの求人,https://en-gage.net/user/search/desc/12658548/,,,engage_list
engage:SESの求人,https://en-gage.net/user/search/desc/183711/,,,engage_list
engage:SESの求人,https://en-gage.net/user/search/desc/9907615/,,,engage_list
engage:SESの求人,https://en-gage.net/user/search/desc/2762356/,,,engage_list
engage:SESの求人,https://en-gage.net/user/search/desc/8068168/,,,engage_list
engage:SESの求人,https://en-gage.net/user/search/desc/17431396/,,,engage_list
engage:SESの求人,https://en-gage.net/user/search/desc/15697472/,,,engage_list
engage:SESの求人,https://en-gage.net/user/search/desc/11104833/,,,engage_list
engage:SESの求人,https://en-gage.net/user/search/desc/16662069/,,,engage_list
engage:SESの求人,https://en-gage.net/user/search/desc/3308443/,,,engage_list
engage:SESの求人,https://en-gage.net/user/search/desc/13533761/,,,engage_list
engage:SESの求人,https://en-gage.net/user/search/desc/15156719/,,,engage_list
engage:SESの求人,https://en-gage.net/user/search/desc/17027111/,,,engage_list
engage:SESの求人,https://en-gage.net/user/search/desc/15458350/,,,engage_list
engage:SESの求人,https://en-gage.net/user/search/desc/15683690/,,,engage_list
engage:SESの求人,https://en-gage.net/user/search/desc/14155800/,,,engage_list
engage:SESの求人,https://en-gage.net/user/search/desc/11124940/,,,engage_list
engage:SESの求人,https://en-gage.net/user/search/desc/16012433/,,,engage_list
engage:SESの求人,https://en-gage.net/user/search/desc/17165538/,,,engage_list
engage:SESの求人,https://en-gage.net/user/search/desc/17406595/,,,engage_list
engage:SESの求人,https://en-gage.net/user/search/desc/17279237/,,,engage_list
engage:SESの求人,https://en-gage.net/user/search/desc/6673613/,,,engage_list
engage:SESの求人,https://en-gage.net/user/search/desc/14906008/,,,engage_list
engage:SESの求人,https://en-gage.net/user/search/desc/4783194/,,,engage_list
engage:SESの求人,https://en-gage.net/user/search/desc/17108010/,,,engage_list
engage:SESの求人,https://en-gage.net/user/search/desc/14727541/,,,engage_list
engage:SESの求人,https://en-gage.net/user/search/desc/17008433/,,,engage_list
engage:SESの求人,https://en-gage.net/user/search/desc/10555197/,,,engage_list
engage:SESの求人,https://en-gage.net/user/search/desc/12912902/,,,engage_list
engage:SESの求人,https://en-gage.net/user/search/desc/10675541/,,,engage_list
engage:SESの求人,https://en-gage.net/user/search/desc/15487347/,,,engage_list
engage:SESの求人,https://en-gage.net/user/search/desc/4723569/,,,engage_list
engage:SESの求人,https://en-gage.net/user/search/desc/16243103/,,,engage_list
engage:SESの求人,https://en-gage.net/user/search/desc/5053853/,,,engage_list
engage:SESの求人,https://en-gage.net/user/search/desc/17333406/,,,engage_list
engage:SESの求人,https://en-gage.net/user/search/desc/16926644/,,,engage_list
engage:SESの求人,https://en-gage.net/user/search/desc/14428213/,,,engage_list
engage:SESの求人,https://en-gage.net/user/search/desc/6424911/,,,engage_list
engage:SESの求人,https://en-gage.net/user/search/desc/17276721/,,,engage_list
engage:SESの求人,https://en-gage.net/user/search/desc/13814130/,,,engage_list
engage:SESの求人,https://en-gage.net/user/search/desc/12496794/,,,engage_list
engage:SESの求人,https://en-gage.net/user/search/desc/12666715/,,,engage_list
engage:SESの求人,https://en-gage.net/user/search/desc/16922798/,,,engage_list
engage:SESの求人,https://en-gage.net/user/search/desc/14344254/,,,engage_list
engage:SESの求人,https://en-gage.net/user/search/desc/12802963/,,,engage_list
engage:SESの求人,https://en-gage.net/user/search/desc/17328598/,,,engage_list
engage:SESの求人,https://en-gage.net/user/search/desc/10711065/,,,engage_list
engage:SESの求人,https://en-gage.net/user/search/desc/16309540/,,,engage_list
engage:SESの求人,https://en-gage.net/user/search/desc/14285544/,,,engage_list
engage:SESの求人,https://en-gage.net/user/search/desc/15360637/,,,engage_list
engage:SESの求人,https://en-gage.net/user/search/desc/7570224/,,,engage_list
engage:SESの求人,https://en-gage.net/user/search/desc/15950395/,,,engage_list
engage:SESの求人,https://en-gage.net/user/search/desc/15654855/,,,engage_list
engage:SESの求人,https://en-gage.net/user/search/desc/1533163/,,,engage_list
engage:SESの求人,https://en-gage.net/user/search/desc/16102161/,,,engage_list
engage:SESの求人,https://en-gage.net/user/search/desc/14372621/,,,engage_list
engage:SESの求人,https://en-gage.net/user/search/desc/15663783/,,,engage_list
engage:SESの求人,https://en-gage.net/user/search/desc/14389636/,,,engage_list
engage:SESの求人,https://en-gage.net/user/search/desc/7570626/,,,engage_list
engage:SESの求人,https://en-gage.net/user/search/desc/10397187/,,,engage_list
engage:SESの求人,https://en-gage.net/user/search/desc/1591417/,,,engage_list
engage:SESの求人,https://en-gage.net/user/search/desc/13445747/,,,engage_list
engage:SESの求人,https://en-gage.net/user/search/desc/16153327/,,,engage_list
engage:SESの求人,https://en-gage.net/user/search/desc/8861333/,,,engage_list
engage:SESの求人,https://en-gage.net/user/search/desc/17149488/,,,engage_list
engage:SESの求人,https://en-gage.net/user/search/desc/7752967/,,,engage_list
engage:SESの求人,https://en-gage.net/user/search/desc/16792299/,,,engage_list
engage:SESの求人,https://en-gage.net/user/search/desc/17216423/,,,engage_list
engage:SESの求人,https://en-gage.net/user/search/desc/15914827/,,,engage_list
engage:SESの求人,https://en-gage.net/user/search/desc/2429962/,,,engage_list
engage:SESの求人,https://en-gage.net/user/search/desc/17241494/,,,engage_list
engage:SESの求人,https://en-gage.net/user/search/desc/14336682/,,,engage_list
engage:SESの求人,https://en-gage.net/user/search/desc/13785245/,,,engage_list
engage:SESの求人,https://en-gage.net/user/search/desc/9678595/,,,engage_list
engage:SESの求人,https://en-gage.net/user/search/desc/15486998/,,,engage_list
engage:SESの求人,https://en-gage.net/user/search/desc/13634157/,,,engage_list
engage:SESの求人,https://en-gage.net/user/search/desc/15707125/,,,engage_list
engage:SESの求人,https://en-gage.net/user/search/desc/10661959/,,,engage_list
engage:SESの求人,https://en-gage.net/user/search/desc/9213588/,,,engage_list
engage:SESの求人,https://en-gage.net/user/search/desc/16792524/,,,engage_list
engage:SESの求人,https://en-gage.net/user/search/desc/17394019/,,,engage_list
engage:SESの求人,https://en-gage.net/user/search/desc/5273932/,,,engage_list
engage:SESの求人,https://en-gage.net/user/search/desc/14777100/,,,engage_list
engage:SESの求人,https://en-gage.net/user/search/desc/2272505/,,,engage_list
engage:SESの求人,https://en-gage.net/user/search/desc/15487523/,,,engage_list
engage:SESの求人,https://en-gage.net/user/search/desc/15503033/,,,engage_list
engage:SESの求人,https://en-gage.net/user/search/desc/17009160/,,,engage_list
engage:SESの求人,https://en-gage.net/user/search/desc/15502322/,,,engage_list
engage:SESの求人,https://en-gage.net/user/search/desc/12202373/,,,engage_list
engage:SESの求人,https://en-gage.net/user/search/desc/13776607/,,,engage_list
engage:SESの求人,https://en-gage.net/user/search/desc/15611230/,,,engage_list
engage:SESの求人,https://en-gage.net/user/search/desc/16313033/,,,engage_list
engage:SESの求人,https://en-gage.net/user/search/desc/12077419/,,,engage_list
engage:SESの求人,https://en-gage.net/user/search/desc/15914472/,,,engage_list
engage:SESの求人,https://en-gage.net/user/search/desc/15832026/,,,engage_list
engage:SESの求人,https://en-gage.net/user/search/desc/16903354/,,,engage_list
engage:SESの求人,https://en-gage.net/user/search/desc/8465959/,,,engage_list
engage:SESの求人,https://en-gage.net/user/search/desc/16684613/,,,engage_list
engage:SESの求人,https://en-gage.net/user/search/desc/4934103/,,,engage_list
engage:SESの求人,https://en-gage.net/user/search/desc/14739637/,,,engage_list
engage:SESの求人,https://en-gage.net/user/search/desc/5203330/,,,engage_list
engage:SESの求人,https://en-gage.net/user/search/desc/8685537/,,,engage_list
engage:SESの求人,https://en-gage.net/user/search/desc/16170181/,,,engage_list
engage:SESの求人,https://en-gage.net/user/search/desc/2105353/,,,engage_list
engage:SESの求人,https://en-gage.net/user/search/desc/16842674/,,,engage_list
engage:SESの求人,https://en-gage.net/user/search/desc/5761257/,,,engage_list
engage:SESの求人,https://en-gage.net/user/search/desc/16075886/,,,engage_list
engage:SESの求人,https://en-gage.net/user/search/desc/17236312/,,,engage_list
engage:SESの求人,https://en-gage.net/user/search/desc/16623766/,,,engage_list
engage:SESの求人,https://en-gage.net/user/search/desc/17002116/,,,engage_list
engage:SESの求人,https://en-gage.net/user/search/desc/8124602/,,,engage_list
engage:SESの求人,https://en-gage.net/user/search/desc/16723209/,,,engage_list
engage:SESの求人,https://en-gage.net/user/search/desc/10643785/,,,engage_list
engage:SESの求人,https://en-gage.net/user/search/desc/3795751/,,,engage_list
engage:SESの求人,https://en-gage.net/user/search/desc/3443995/,,,engage_list
engage:SESの求人,https://en-gage.net/user/search/desc/16887245/,,,engage_list
engage:SESの求人,https://en-gage.net/user/search/desc/4191757/,,,engage_list
engage:SESの求人,https://en-gage.net/user/search/desc/6551285/,,,engage_list
engage:SESの求人,https://en-gage.net/user/search/desc/15680055/,,,engage_list
engage:SESの求人,https://en-gage.net/user/search/desc/12860070/,,,engage_list
engage:SESの求人,https://en-gage.net/user/search/desc/16851719/,,,engage_list
engage:SESの求人,https://en-gage.net/user/search/desc/15945068/,,,engage_list
engage:SESの求人,https://en-gage.net/user/search/desc/17352263/,,,engage_list
engage:SESの求人,https://en-gage.net/user/search/desc/15385806/,,,engage_list
engage:SESの求人,https://en-gage.net/user/search/desc/8517023/,,,engage_list
engage:SESの求人,https://en-gage.net/user/search/desc/5249736/,,,engage_list
engage:SESの求人,https://en-gage.net/user/search/desc/14783665/,,,engage_list
engage:SESの求人,https://en-gage.net/user/search/desc/16248568/,,,engage_list
engage:SESの求人,https://en-gage.net/user/search/desc/9132797/,,,engage_list
engage:SESの求人,https://en-gage.net/user/search/desc/4811918/,,,engage_list
engage:SESの求人,https://en-gage.net/user/search/desc/8817725/,,,engage_list
engage:SESの求人,https://en-gage.net/user/search/desc/3409821/,,,engage_list
engage:SESの求人,https://en-gage.net/user/search/desc/8950719/,,,engage_list
engage:SESの求人,https://en-gage.net/user/search/desc/15087569/,,,engage_list
engage:SESの求人,https://en-gage.net/user/search/desc/9395777/,,,engage_list
engage:SESの求人,https://en-gage.net/user/search/desc/14619258/,,,engage_list
engage:SESの求人,https://en-gage.net/user/search/desc/13593890/,,,engage_list
engage:SESの求人,https://en-gage.net/user/search/desc/3933794/,,,engage_list
engage:SESの求人,https://en-gage.net/user/search/desc/17284754/,,,engage_list
engage:SESの求人,https://en-gage.net/user/search/desc/633399/,,,engage_list
engage:SESの求人,https://en-gage.net/user/search/desc/11318833/,,,engage_list
engage:SESの求人,https://en-gage.net/user/search/desc/11642360/,,,engage_list
engage:SESの求人,https://en-gage.net/user/search/desc/2648378/,,,engage_list
engage:SESの求人,https://en-gage.net/user/search/desc/1973068/,,,engage_list
engage:SESの求人,https://en-gage.net/user/search/desc/15185469/,,,engage_list
engage:SESの求人,https://en-gage.net/user/search/desc/15923589/,,,engage_list
engage:SESの求人,https://en-gage.net/user/search/desc/12859700/,,,engage_list
engage:SESの求人,https://en-gage.net/user/search/desc/5538428/,,,engage_list
engage:SESの求人,https://en-gage.net/user/search/desc/14247261/,,,engage_list
engage:SESの求人,https://en-gage.net/user/search/desc/5306519/,,,engage_list
engage:SESの求人,https://en-gage.net/user/search/desc/11710196/,,,engage_list
engage:SESの求人,https://en-gage.net/user/search/desc/15724778/,,,engage_list
engage:SESの求人,https://en-gage.net/user/search/desc/8381794/,,,engage_list
engage:SESの求人,https://en-gage.net/user/search/desc/14618693/,,,engage_list
engage:SESの求人,https://en-gage.net/user/search/desc/11473747/,,,engage_list
engage:SESの求人,https://en-gage.net/user/search/desc/2830136/,,,engage_list
engage:SESの求人,https://en-gage.net/user/search/desc/2161778/,,,engage_list
engage:SESの求人,https://en-gage.net/user/search/desc/14952462/,,,engage_list
engage:SESの求人,https://en-gage.net/user/search/desc/17299451/,,,engage_list
engage:SESの求人,https://en-gage.net/user/search/desc/17266055/,,,engage_list
engage:SESの求人,https://en-gage.net/user/search/desc/12166527/,,,engage_list
engage:SESの求人,https://en-gage.net/user/search/desc/5772672/,,,engage_list
engage:SESの求人,https://en-gage.net/user/search/desc/17426013/,,,engage_list
engage:SESの求人,https://en-gage.net/user/search/desc/15302311/,,,engage_list
engage:SESの求人,https://en-gage.net/user/search/desc/7259122/,,,engage_list
engage:SESの求人,https://en-gage.net/user/search/desc/15914818/,,,engage_list
engage:SESの求人,https://en-gage.net/user/search/desc/12601004/,,,engage_list
engage:SESの求人,https://en-gage.net/user/search/desc/11447477/,,,engage_list
engage:SESの求人,https://en-gage.net/user/search/desc/17390127/,,,engage_list
engage:SESの求人,https://en-gage.net/user/search/desc/15314831/,,,engage_list
engage:SESの求人,https://en-gage.net/user/search/desc/15784938/,,,engage_list
engage:SESの求人,https://en-gage.net/user/search/desc/706624/,,,engage_list
engage:SESの求人,https://en-gage.net/user/search/desc/9984955/,,,engage_list
engage:SESの求人,https://en-gage.net/user/search/desc/16178266/,,,engage_list
engage:SESの求人,https://en-gage.net/user/search/desc/12628988/,,,engage_list
engage:SESの求人,https://en-gage.net/user/search/desc/15708910/,,,engage_list
engage:SESの求人,https://en-gage.net/user/search/desc/15716807/,,,engage_list
engage:SESの求人,https://en-gage.net/user/search/desc/13003407/,,,engage_list
engage:SESの求人,https://en-gage.net/user/search/desc/60025/,,,engage_list
engage:SESの求人,https://en-gage.net/user/search/desc/16436624/,,,engage_list
engage:SESの求人,https://en-gage.net/user/search/desc/14987281/,,,engage_list
engage:SESの求人,https://en-gage.net/user/search/desc/17426616/,,,engage_list
engage:SESの求人,https://en-gage.net/user/search/desc/16844160/,,,engage_list
engage:SESの求人,https://en-gage.net/user/search/desc/11386546/,,,engage_list
engage:SESの求人,https://en-gage.net/user/search/desc/17180808/,,,engage_list
engage:SESの求人,https://en-gage.net/user/search/desc/4903274/,,,engage_list
engage:SESの求人,https://en-gage.net/user/search/desc/16330919/,,,engage_list
engage:SESの求人,https://en-gage.net/user/search/desc/2935962/,,,engage_list
engage:SESの求人,https://en-gage.net/user/search/desc/17294753/,,,engage_list
engage:SESの求人,https://en-gage.net/user/search/desc/2296411/,,,engage_list
engage:SESの求人,https://en-gage.net/user/search/desc/9368614/,,,engage_list
engage:SESの求人,https://en-gage.net/user/search/desc/11034885/,,,engage_list
engage:SESの求人,https://en-gage.net/user/search/desc/5085661/,,,engage_list
engage:SESの求人,https://en-gage.net/user/search/desc/12371666/,,,engage_list
engage:SESの求人,https://en-gage.net/user/search/desc/17299696/,,,engage_list
engage:SESの求人,https://en-gage.net/user/search/desc/12615361/,,,engage_list
engage:SESの求人,https://en-gage.net/user/search/desc/13705116/,,,engage_list
engage:SESの求人,https://en-gage.net/user/search/desc/12880125/,,,engage_list
engage:SESの求人,https://en-gage.net/user/search/desc/8423410/,,,engage_list
engage:SESの求人,https://en-gage.net/user/search/desc/17187585/,,,engage_list
engage:SESの求人,https://en-gage.net/user/search/desc/233622/,,,engage_list
engage:SESの求人,https://en-gage.net/user/search/desc/10999905/,,,engage_list
engage:SESの求人,https://en-gage.net/user/search/desc/16954904/,,,engage_list
engage:SESの求人,https://en-gage.net/user/search/desc/13720924/,,,engage_list
engage:SESの求人,https://en-gage.net/user/search/desc/14732671/,,,engage_list
engage:SESの求人,https://en-gage.net/user/search/desc/5544666/,,,engage_list
engage:SESの求人,https://en-gage.net/user/search/desc/17244395/,,,engage_list
engage:SESの求人,https://en-gage.net/user/search/desc/15857336/,,,engage_list
engage:SESの求人,https://en-gage.net/user/search/desc/17147899/,,,engage_list
engage:SESの求人,https://en-gage.net/user/search/desc/7294168/,,,engage_list
engage:SESの求人,https://en-gage.net/user/search/desc/1687683/,,,engage_list
engage:SESの求人,https://en-gage.net/user/search/desc/14729870/,,,engage_list
engage:SESの求人,https://en-gage.net/user/search/desc/15215437/,,,engage_list
engage:SESの求人,https://en-gage.net/user/search/desc/15027487/,,,engage_list
engage:SESの求人,https://en-gage.net/user/search/desc/12946996/,,,engage_list
engage:SESの求人,https://en-gage.net/user/search/desc/14975225/,,,engage_list
engage:SESの求人,https://en-gage.net/user/search/desc/13318708/,,,engage_list
engage:SESの求人,https://en-gage.net/user/search/desc/16922865/,,,engage_list
engage:SESの求人,https://en-gage.net/user/search/desc/8143263/,,,engage_list
engage:SESの求人,https://en-gage.net/user/search/desc/12623296/,,,engage_list
engage:SESの求人,https://en-gage.net/user/search/desc/14003586/,,,engage_list
engage:SESの求人,https://en-gage.net/user/search/desc/13671898/,,,engage_list
engage:SESの求人,https://en-gage.net/user/search/desc/17106693/,,,engage_list
engage:SESの求人,https://en-gage.net/user/search/desc/15158455/,,,engage_list
engage:SESの求人,https://en-gage.net/user/search/desc/9170505/,,,engage_list
engage:SESの求人,https://en-gage.net/user/search/desc/17286423/,,,engage_list
engage:SESの求人,https://en-gage.net/user/search/desc/17430850/,,,engage_list
engage:SESの求人,https://en-gage.net/user/search/desc/43110/,,,engage_list
engage:SESの求人,https://en-gage.net/user/search/desc/15742967/,,,engage_list
engage:SESの求人,https://en-gage.net/user/search/desc/7573517/,,,engage_list
engage:SESの求人,https://en-gage.net/user/search/desc/13120406/,,,engage_list
engage:SESの求人,https://en-gage.net/user/search/desc/5116414/,,,engage_list
engage:SESの求人,https://en-gage.net/user/search/desc/17187599/,,,engage_list
engage:SESの求人,https://en-gage.net/user/search/desc/1515581/,,,engage_list
engage:SESの求人,https://en-gage.net/user/search/desc/7571785/,,,engage_list
engage:SESの求人,https://en-gage.net/user/search/desc/15161028/,,,engage_list
engage:SESの求人,https://en-gage.net/user/search/desc/9468006/,,,engage_list
engage:SESの求人,https://en-gage.net/user/search/desc/14734324/,,,engage_list
engage:SESの求人,https://en-gage.net/user/search/desc/2234050/,,,engage_list
engage:SESの求人,https://en-gage.net/user/search/desc/15024944/,,,engage_list
engage:SESの求人,https://en-gage.net/user/search/desc/12861933/,,,engage_list
engage:SESの求人,https://en-gage.net/user/search/desc/14975217/,,,engage_list
engage:SESの求人,https://en-gage.net/user/search/desc/4056337/,,,engage_list
engage:SESの求人,https://en-gage.net/user/search/desc/50486/,,,engage_list
engage:SESの求人,https://en-gage.net/user/search/desc/12425106/,,,engage_list
engage:SESの求人,https://en-gage.net/user/search/desc/12346547/,,,engage_list
engage:SESの求人,https://en-gage.net/user/search/desc/16905540/,,,engage_list
engage:SESの求人,https://en-gage.net/user/search/desc/15348915/,,,engage_list
engage:SESの求人,https://en-gage.net/user/search/desc/12206420/,,,engage_list
engage:SESの求人,https://en-gage.net/user/search/desc/2506610/,,,engage_list
engage:SESの求人,https://en-gage.net/user/search/desc/16248802/,,,engage_list
engage:SESの求人,https://en-gage.net/user/search/desc/16712723/,,,engage_list
engage:SESの求人,https://en-gage.net/user/search/desc/15186642/,,,engage_list
engage:SESの求人,https://en-gage.net/user/search/desc/11454070/,,,engage_list
engage:SESの求人,https://en-gage.net/user/search/desc/13466766/,,,engage_list
engage:SESの求人,https://en-gage.net/user/search/desc/3176179/,,,engage_list
engage:SESの求人,https://en-gage.net/user/search/desc/2234036/,,,engage_list
engage:SESの求人,https://en-gage.net/user/search/desc/17187367/,,,engage_list
engage:SESの求人,https://en-gage.net/user/search/desc/8819955/,,,engage_list
engage:SESの求人,https://en-gage.net/user/search/desc/931370/,,,engage_list
engage:SESの求人,https://en-gage.net/user/search/desc/7124890/,,,engage_list
engage:SESの求人,https://en-gage.net/user/search/desc/16946406/,,,engage_list
engage:SESの求人,https://en-gage.net/user/search/desc/15724294/,,,engage_list
engage:SESの求人,https://en-gage.net/user/search/desc/17145912/,,,engage_list
engage:SESの求人,https://en-gage.net/user/search/desc/16834671/,,,engage_list
engage:SESの求人,https://en-gage.net/user/search/desc/8924319/,,,engage_list
engage:SESの求人,https://en-gage.net/user/search/desc/12344141/,,,engage_list
engage:SESの求人,https://en-gage.net/user/search/desc/8420632/,,,engage_list
engage:SESの求人,https://en-gage.net/user/search/desc/260113/,,,engage_list
engage:SESの求人,https://en-gage.net/user/search/desc/4090473/,,,engage_list
engage:SESの求人,https://en-gage.net/user/search/desc/4785275/,,,engage_list
engage:SESの求人,https://en-gage.net/user/search/desc/13388094/,,,engage_list
engage:SESの求人,https://en-gage.net/user/search/desc/14929289/,,,engage_list
engage:SESの求人,https://en-gage.net/user/search/desc/9543255/,,,engage_list
engage:SESの求人,https://en-gage.net/user/search/desc/14694465/,,,engage_list
engage:SESの求人,https://en-gage.net/user/search/desc/16740235/,,,engage_list
engage:SESの求人,https://en-gage.net/user/search/desc/14618427/,,,engage_list
engage:SESの求人,https://en-gage.net/user/search/desc/15997380/,,,engage_list
engage:SESの求人,https://en-gage.net/user/search/desc/279009/,,,engage_list
engage:SESの求人,https://en-gage.net/user/search/desc/14775824/,,,engage_list
engage:SESの求人,https://en-gage.net/user/search/desc/2263453/,,,engage_list
engage:SESの求人,https://en-gage.net/user/search/desc/14975201/,,,engage_list
engage:SESの求人,https://en-gage.net/user/search/desc/2321030/,,,engage_list
engage:SESの求人,https://en-gage.net/user/search/desc/14852078/,,,engage_list
engage:SESの求人,https://en-gage.net/user/search/desc/14700771/,,,engage_list
engage:SESの求人,https://en-gage.net/user/search/desc/16723485/,,,engage_list
engage:SESの求人,https://en-gage.net/user/search/desc/9533589/,,,engage_list
engage:SESの求人,https://en-gage.net/user/search/desc/1889284/,,,engage_list
engage:SESの求人,https://en-gage.net/user/search/desc/6732099/,,,engage_list
engage:SESの求人,https://en-gage.net/user/search/desc/16985400/,,,engage_list
engage:SESの求人,https://en-gage.net/user/search/desc/17180325/,,,engage_list
engage:SESの求人,https://en-gage.net/user/search/desc/16708374/,,,engage_list
engage:SESの求人,https://en-gage.net/user/search/desc/15957911/,,,engage_list
engage:SESの求人,https://en-gage.net/user/search/desc/17003716/,,,engage_list
engage:SESの求人,https://en-gage.net/user/search/desc/13272658/,,,engage_list
engage:SESの求人,https://en-gage.net/user/search/desc/13528088/,,,engage_list
engage:SESの求人,https://en-gage.net/user/search/desc/17282630/,,,engage_list
engage:SESの求人,https://en-gage.net/user/search/desc/17430709/,,,engage_list
engage:SESの求人,https://en-gage.net/user/search/desc/6638660/,,,engage_list
engage:SESの求人,https://en-gage.net/user/search/desc/9298608/,,,engage_list
engage:SESの求人,https://en-gage.net/user/search/desc/10891992/,,,engage_list
engage:SESの求人,https://en-gage.net/user/search/desc/17189057/,,,engage_list
engage:SESの求人,https://en-gage.net/user/search/desc/4540392/,,,engage_list
engage:SESの求人,https://en-gage.net/user/search/desc/10827444/,,,engage_list
engage:SESの求人,https://en-gage.net/user/search/desc/13122738/,,,engage_list
engage:SESの求人,https://en-gage.net/user/search/desc/8603254/,,,engage_list
engage:SESの求人,https://en-gage.net/user/search/desc/13252051/,,,engage_list
engage:SESの求人,https://en-gage.net/user/search/desc/8191614/,,,engage_list
engage:SESの求人,https://en-gage.net/user/search/desc/10915777/,,,engage_list
engage:SESの求人,https://en-gage.net/user/search/desc/17283654/,,,engage_list
engage:SESの求人,https://en-gage.net/user/search/desc/9193928/,,,engage_list
engage:SESの求人,https://en-gage.net/user/search/desc/15930734/,,,engage_list
engage:SESの求人,https://en-gage.net/user/search/desc/11745766/,,,engage_list
engage:SESの求人,https://en-gage.net/user/search/desc/5553988/,,,engage_list
engage:SESの求人,https://en-gage.net/user/search/desc/16329009/,,,engage_list
engage:SESの求人,https://en-gage.net/user/search/desc/16397058/,,,engage_list
engage:SESの求人,https://en-gage.net/user/search/desc/13770667/,,,engage_list
engage:SESの求人,https://en-gage.net/user/search/desc/15724782/,,,engage_list
engage:SESの求人,https://en-gage.net/user/search/desc/15217567/,,,engage_list
engage:SESの求人,https://en-gage.net/user/search/desc/17045244/,,,engage_list
engage:SESの求人,https://en-gage.net/user/search/desc/16437623/,,,engage_list
engage:SESの求人,https://en-gage.net/user/search/desc/17028631/,,,engage_list
engage:SESの求人,https://en-gage.net/user/search/desc/17106895/,,,engage_list
engage:SESの求人,https://en-gage.net/user/search/desc/6454462/,,,engage_list
engage:SESの求人,https://en-gage.net/user/search/desc/117225/,,,engage_list
engage:SESの求人,https://en-gage.net/user/search/desc/14412585/,,,engage_list
engage:IT営業,https://en-gage.net/user/search/desc/109750/,,,engage_list
engage:IT営業,https://en-gage.net/user/search/desc/13938369/,,,engage_list
engage:IT営業,https://en-gage.net/user/search/desc/14237011/,,,engage_list
engage:IT営業,https://en-gage.net/user/search/desc/14503391/,,,engage_list
engage:IT営業,https://en-gage.net/user/search/desc/16579991/,,,engage_list
engage:IT営業,https://en-gage.net/user/search/desc/14024087/,,,engage_list
engage:IT営業,https://en-gage.net/user/search/desc/5892106/,,,engage_list
engage:IT営業,https://en-gage.net/user/search/desc/14237163/,,,engage_list
engage:IT営業,https://en-gage.net/user/search/desc/17180080/,,,engage_list
engage:IT営業,https://en-gage.net/user/search/desc/14004264/,,,engage_list
engage:IT営業,https://en-gage.net/user/search/desc/8330626/,,,engage_list
engage:IT営業,https://en-gage.net/user/search/desc/11676460/,,,engage_list
engage:IT営業,https://en-gage.net/user/search/desc/16719098/,,,engage_list
engage:IT営業,https://en-gage.net/user/search/desc/17237756/,,,engage_list
engage:IT営業,https://en-gage.net/user/search/desc/17395086/,,,engage_list
engage:IT営業,https://en-gage.net/user/search/desc/12147121/,,,engage_list
engage:IT営業,https://en-gage.net/user/search/desc/7885283/,,,engage_list
engage:IT営業,https://en-gage.net/user/search/desc/16322893/,,,engage_list
engage:IT営業,https://en-gage.net/user/search/desc/17106680/,,,engage_list
engage:IT営業,https://en-gage.net/user/search/desc/14644813/,,,engage_list
engage:IT営業,https://en-gage.net/user/search/desc/12503269/,,,engage_list
engage:IT営業,https://en-gage.net/user/search/desc/312444/,,,engage_list
engage:IT営業,https://en-gage.net/user/search/desc/16810722/,,,engage_list
engage:IT営業,https://en-gage.net/user/search/desc/17359589/,,,engage_list
engage:IT営業,https://en-gage.net/user/search/desc/14584501/,,,engage_list
engage:IT営業,https://en-gage.net/user/search/desc/14917308/,,,engage_list
engage:IT営業,https://en-gage.net/user/search/desc/15936158/,,,engage_list
engage:IT営業,https://en-gage.net/user/search/desc/17426144/,,,engage_list
engage:IT営業,https://en-gage.net/user/search/desc/17432283/,,,engage_list
engage:IT営業,https://en-gage.net/user/search/desc/13210123/,,,engage_list
engage:IT営業,https://en-gage.net/user/search/desc/16660012/,,,engage_list
engage:IT営業,https://en-gage.net/user/search/desc/12911282/,,,engage_list
engage:IT営業,https://en-gage.net/user/search/desc/17443045/,,,engage_list
engage:IT営業,https://en-gage.net/user/search/desc/15961539/,,,engage_list
engage:IT営業,https://en-gage.net/user/search/desc/17238538/,,,engage_list
engage:IT営業,https://en-gage.net/user/search/desc/16722299/,,,engage_list
engage:IT営業,https://en-gage.net/user/search/desc/13938429/,,,engage_list
engage:IT営業,https://en-gage.net/user/search/desc/14353274/,,,engage_list
engage:IT営業,https://en-gage.net/user/search/desc/13522501/,,,engage_list
engage:IT営業,https://en-gage.net/user/search/desc/10392889/,,,engage_list
engage:IT営業,https://en-gage.net/user/search/desc/1784651/,,,engage_list
engage:IT営業,https://en-gage.net/user/search/desc/14490469/,,,engage_list
engage:IT営業,https://en-gage.net/user/search/desc/16832350/,,,engage_list
engage:IT営業,https://en-gage.net/user/search/desc/7554000/,,,engage_list
engage:IT営業,https://en-gage.net/user/search/desc/16003986/,,,engage_list
engage:IT営業,https://en-gage.net/user/search/desc/14951430/,,,engage_list
engage:IT営業,https://en-gage.net/user/search/desc/15345369/,,,engage_list
engage:IT営業,https://en-gage.net/user/search/desc/14482180/,,,engage_list
engage:IT営業,https://en-gage.net/user/search/desc/12307829/,,,engage_list
engage:IT営業,https://en-gage.net/user/search/desc/16464688/,,,engage_list
engage:IT営業,https://en-gage.net/user/search/desc/15753906/,,,engage_list
engage:IT営業,https://en-gage.net/user/search/desc/5276813/,,,engage_list
engage:IT営業,https://en-gage.net/user/search/desc/9588549/,,,engage_list
engage:IT営業,https://en-gage.net/user/search/desc/15051567/,,,engage_list
engage:IT営業,https://en-gage.net/user/search/desc/11847499/,,,engage_list
engage:IT営業,https://en-gage.net/user/search/desc/16586678/,,,engage_list
engage:IT営業,https://en-gage.net/user/search/desc/2888935/,,,engage_list
engage:IT営業,https://en-gage.net/user/search/desc/14443125/,,,engage_list
engage:IT営業,https://en-gage.net/user/search/desc/16683981/,,,engage_list
engage:IT営業,https://en-gage.net/user/search/desc/3614284/,,,engage_list
engage:IT営業,https://en-gage.net/user/search/desc/39358/,,,engage_list
engage:IT営業,https://en-gage.net/user/search/desc/15796091/,,,engage_list
engage:IT営業,https://en-gage.net/user/search/desc/8052006/,,,engage_list
engage:IT営業,https://en-gage.net/user/search/desc/11101949/,,,engage_list
engage:IT営業,https://en-gage.net/user/search/desc/2111059/,,,engage_list
engage:IT営業,https://en-gage.net/user/search/desc/14290008/,,,engage_list
engage:IT営業,https://en-gage.net/user/search/desc/17146949/,,,engage_list
engage:IT営業,https://en-gage.net/user/search/desc/16524470/,,,engage_list
engage:IT営業,https://en-gage.net/user/search/desc/12192183/,,,engage_list
engage:IT営業,https://en-gage.net/user/search/desc/16497729/,,,engage_list
engage:IT営業,https://en-gage.net/user/search/desc/6767866/,,,engage_list
engage:IT営業,https://en-gage.net/user/search/desc/14570907/,,,engage_list
engage:IT営業,https://en-gage.net/user/search/desc/9961915/,,,engage_list
engage:IT営業,https://en-gage.net/user/search/desc/8819484/,,,engage_list
engage:IT営業,https://en-gage.net/user/search/desc/3898041/,,,engage_list
engage:IT営業,https://en-gage.net/user/search/desc/10446861/,,,engage_list
engage:IT営業,https://en-gage.net/user/search/desc/5071790/,,,engage_list
engage:IT営業,https://en-gage.net/user/search/desc/6461495/,,,engage_list
engage:IT営業,https://en-gage.net/user/search/desc/11902102/,,,engage_list
engage:IT営業,https://en-gage.net/user/search/desc/17237359/,,,engage_list
engage:IT営業,https://en-gage.net/user/search/desc/15117512/,,,engage_list
engage:IT営業,https://en-gage.net/user/search/desc/6780090/,,,engage_list
engage:IT営業,https://en-gage.net/user/search/desc/4623959/,,,engage_list
engage:IT営業,https://en-gage.net/user/search/desc/15119572/,,,engage_list
engage:IT営業,https://en-gage.net/user/search/desc/16516771/,,,engage_list
engage:IT営業,https://en-gage.net/user/search/desc/16586715/,,,engage_list
engage:IT営業,https://en-gage.net/user/search/desc/17062119/,,,engage_list
engage:IT営業,https://en-gage.net/user/search/desc/15968704/,,,engage_list
engage:IT営業,https://en-gage.net/user/search/desc/10045008/,,,engage_list
engage:IT営業,https://en-gage.net/user/search/desc/17329422/,,,engage_list
engage:IT営業,https://en-gage.net/user/search/desc/4415337/,,,engage_list
engage:IT営業,https://en-gage.net/user/search/desc/17076796/,,,engage_list
engage:IT営業,https://en-gage.net/user/search/desc/15426020/,,,engage_list
engage:IT営業,https://en-gage.net/user/search/desc/15169888/,,,engage_list
engage:IT営業,https://en-gage.net/user/search/desc/5620668/,,,engage_list
engage:IT営業,https://en-gage.net/user/search/desc/17357913/,,,engage_list
engage:IT営業,https://en-gage.net/user/search/desc/3192987/,,,engage_list
engage:IT営業,https://en-gage.net/user/search/desc/3567186/,,,engage_list
engage:IT営業,https://en-gage.net/user/search/desc/4416677/,,,engage_list
engage:IT営業,https://en-gage.net/user/search/desc/8645341/,,,engage_list
engage:IT営業,https://en-gage.net/user/search/desc/15674583/,,,engage_list
engage:IT営業,https://en-gage.net/user/search/desc/12436240/,,,engage_list
engage:IT営業,https://en-gage.net/user/search/desc/10622395/,,,engage_list
engage:IT営業,https://en-gage.net/user/search/desc/16229739/,,,engage_list
engage:IT営業,https://en-gage.net/user/search/desc/16787634/,,,engage_list
engage:IT営業,https://en-gage.net/user/search/desc/16276973/,,,engage_list
engage:IT営業,https://en-gage.net/user/search/desc/17211935/,,,engage_list
engage:IT営業,https://en-gage.net/user/search/desc/15520077/,,,engage_list
engage:IT営業,https://en-gage.net/user/search/desc/16704622/,,,engage_list
engage:IT営業,https://en-gage.net/user/search/desc/16831783/,,,engage_list
engage:IT営業,https://en-gage.net/user/search/desc/13813523/,,,engage_list
engage:IT営業,https://en-gage.net/user/search/desc/17263168/,,,engage_list
engage:IT営業,https://en-gage.net/user/search/desc/8001158/,,,engage_list
engage:IT営業,https://en-gage.net/user/search/desc/13036191/,,,engage_list
engage:IT営業,https://en-gage.net/user/search/desc/11676481/,,,engage_list
engage:IT営業,https://en-gage.net/user/search/desc/14095458/,,,engage_list
engage:IT営業,https://en-gage.net/user/search/desc/8497489/,,,engage_list
engage:IT営業,https://en-gage.net/user/search/desc/12201632/,,,engage_list
engage:IT営業,https://en-gage.net/user/search/desc/14065650/,,,engage_list
engage:IT営業,https://en-gage.net/user/search/desc/5175144/,,,engage_list
engage:IT営業,https://en-gage.net/user/search/desc/10415922/,,,engage_list
engage:IT営業,https://en-gage.net/user/search/desc/13276537/,,,engage_list
engage:IT営業,https://en-gage.net/user/search/desc/6465341/,,,engage_list
engage:IT営業,https://en-gage.net/user/search/desc/13938327/,,,engage_list
engage:IT営業,https://en-gage.net/user/search/desc/11784115/,,,engage_list
engage:IT営業,https://en-gage.net/user/search/desc/15812671/,,,engage_list
engage:IT営業,https://en-gage.net/user/search/desc/4132567/,,,engage_list
engage:IT営業,https://en-gage.net/user/search/desc/16830348/,,,engage_list
engage:IT営業,https://en-gage.net/user/search/desc/2879382/,,,engage_list
engage:IT営業,https://en-gage.net/user/search/desc/13058230/,,,engage_list
engage:IT営業,https://en-gage.net/user/search/desc/10786474/,,,engage_list
engage:IT営業,https://en-gage.net/user/search/desc/10785047/,,,engage_list
engage:IT営業,https://en-gage.net/user/search/desc/12104492/,,,engage_list
engage:IT営業,https://en-gage.net/user/search/desc/13492820/,,,engage_list
engage:IT営業,https://en-gage.net/user/search/desc/16759528/,,,engage_list
engage:IT営業,https://en-gage.net/user/search/desc/14355918/,,,engage_list
engage:IT営業,https://en-gage.net/user/search/desc/17302747/,,,engage_list
engage:IT営業,https://en-gage.net/user/search/desc/2668629/,,,engage_list
engage:IT営業,https://en-gage.net/user/search/desc/17334316/,,,engage_list
engage:IT営業,https://en-gage.net/user/search/desc/14717561/,,,engage_list
engage:IT営業,https://en-gage.net/user/search/desc/16704597/,,,engage_list
engage:IT営業,https://en-gage.net/user/search/desc/971003/,,,engage_list
engage:IT営業,https://en-gage.net/user/search/desc/16704708/,,,engage_list
engage:IT営業,https://en-gage.net/user/search/desc/15905158/,,,engage_list
engage:IT営業,https://en-gage.net/user/search/desc/17334323/,,,engage_list
engage:IT営業,https://en-gage.net/user/search/desc/11586266/,,,engage_list
engage:IT営業,https://en-gage.net/user/search/desc/15714713/,,,engage_list
engage:IT営業,https://en-gage.net/user/search/desc/17328395/,,,engage_list
engage:IT営業,https://en-gage.net/user/search/desc/3307672/,,,engage_list
engage:IT営業,https://en-gage.net/user/search/desc/11164710/,,,engage_list
engage:IT営業,https://en-gage.net/user/search/desc/2269163/,,,engage_list
engage:IT営業,https://en-gage.net/user/search/desc/14666215/,,,engage_list
engage:IT営業,https://en-gage.net/user/search/desc/13055600/,,,engage_list
engage:IT営業,https://en-gage.net/user/search/desc/5024957/,,,engage_list
engage:IT営業,https://en-gage.net/user/search/desc/4825992/,,,engage_list
engage:IT営業,https://en-gage.net/user/search/desc/16752285/,,,engage_list
engage:IT営業,https://en-gage.net/user/search/desc/15984039/,,,engage_list
engage:IT営業,https://en-gage.net/user/search/desc/17444218/,,,engage_list
engage:IT営業,https://en-gage.net/user/search/desc/16900984/,,,engage_list
engage:IT営業,https://en-gage.net/user/search/desc/15180617/,,,engage_list
engage:IT営業,https://en-gage.net/user/search/desc/4633895/,,,engage_list
engage:IT営業,https://en-gage.net/user/search/desc/9881581/,,,engage_list
engage:IT営業,https://en-gage.net/user/search/desc/17327617/,,,engage_list
engage:IT営業,https://en-gage.net/user/search/desc/12224559/,,,engage_list
engage:IT営業,https://en-gage.net/user/search/desc/16449312/,,,engage_list
engage:IT営業,https://en-gage.net/user/search/desc/16629573/,,,engage_list
engage:IT営業,https://en-gage.net/user/search/desc/16704837/,,,engage_list
engage:IT営業,https://en-gage.net/user/search/desc/10266056/,,,engage_list
engage:IT営業,https://en-gage.net/user/search/desc/17255468/,,,engage_list
engage:IT営業,https://en-gage.net/user/search/desc/16623260/,,,engage_list
engage:IT営業,https://en-gage.net/user/search/desc/15117862/,,,engage_list
engage:IT営業,https://en-gage.net/user/search/desc/16704686/,,,engage_list
engage:IT営業,https://en-gage.net/user/search/desc/12134263/,,,engage_list
engage:IT営業,https://en-gage.net/user/search/desc/11944034/,,,engage_list
engage:IT営業,https://en-gage.net/user/search/desc/16313163/,,,engage_list
engage:IT営業,https://en-gage.net/user/search/desc/14838889/,,,engage_list
engage:IT営業,https://en-gage.net/user/search/desc/15418449/,,,engage_list
engage:IT営業,https://en-gage.net/user/search/desc/16483829/,,,engage_list
engage:IT営業,https://en-gage.net/user/search/desc/1467091/,,,engage_list
engage:IT営業,https://en-gage.net/user/search/desc/11132532/,,,engage_list
engage:IT営業,https://en-gage.net/user/search/desc/13936634/,,,engage_list
engage:IT営業,https://en-gage.net/user/search/desc/8780343/,,,engage_list
engage:IT営業,https://en-gage.net/user/search/desc/3199705/,,,engage_list
engage:IT営業,https://en-gage.net/user/search/desc/12605163/,,,engage_list
engage:IT営業,https://en-gage.net/user/search/desc/1195579/,,,engage_list
engage:IT営業,https://en-gage.net/user/search/desc/11414061/,,,engage_list
engage:IT営業,https://en-gage.net/user/search/desc/1509695/,,,engage_list
engage:IT営業,https://en-gage.net/user/search/desc/16296696/,,,engage_list
engage:IT営業,https://en-gage.net/user/search/desc/16704795/,,,engage_list
engage:IT営業,https://en-gage.net/user/search/desc/3408567/,,,engage_list
engage:IT営業,https://en-gage.net/user/search/desc/5379633/,,,engage_list
engage:IT営業,https://en-gage.net/user/search/desc/7507/,,,engage_list
engage:IT営業,https://en-gage.net/user/search/desc/4535811/,,,engage_list
engage:IT営業,https://en-gage.net/user/search/desc/14765753/,,,engage_list
engage:IT営業,https://en-gage.net/user/search/desc/8983222/,,,engage_list
engage:IT営業,https://en-gage.net/user/search/desc/17425144/,,,engage_list
engage:IT営業,https://en-gage.net/user/search/desc/9068230/,,,engage_list
engage:IT営業,https://en-gage.net/user/search/desc/15225137/,,,engage_list
engage:IT営業,https://en-gage.net/user/search/desc/16704860/,,,engage_list
engage:IT営業,https://en-gage.net/user/search/desc/12497878/,,,engage_list
engage:IT営業,https://en-gage.net/user/search/desc/11590558/,,,engage_list
engage:IT営業,https://en-gage.net/user/search/desc/8243296/,,,engage_list
engage:IT営業,https://en-gage.net/user/search/desc/14451965/,,,engage_list
engage:IT営業,https://en-gage.net/user/search/desc/11683479/,,,engage_list
engage:IT営業,https://en-gage.net/user/search/desc/16940395/,,,engage_list
engage:IT営業,https://en-gage.net/user/search/desc/9465374/,,,engage_list
engage:IT営業,https://en-gage.net/user/search/desc/17243890/,,,engage_list
engage:IT営業,https://en-gage.net/user/search/desc/11490313/,,,engage_list
engage:IT営業,https://en-gage.net/user/search/desc/17302737/,,,engage_list
engage:IT営業,https://en-gage.net/user/search/desc/7510171/,,,engage_list
engage:IT営業,https://en-gage.net/user/search/desc/16484962/,,,engage_list
engage:IT営業,https://en-gage.net/user/search/desc/2348189/,,,engage_list
engage:IT営業,https://en-gage.net/user/search/desc/14003204/,,,engage_list
engage:IT営業,https://en-gage.net/user/search/desc/16851958/,,,engage_list
engage:IT営業,https://en-gage.net/user/search/desc/14442894/,,,engage_list
engage:IT営業,https://en-gage.net/user/search/desc/14255684/,,,engage_list
engage:IT営業,https://en-gage.net/user/search/desc/8054101/,,,engage_list
engage:IT営業,https://en-gage.net/user/search/desc/16905078/,,,engage_list
engage:IT営業,https://en-gage.net/user/search/desc/17444267/,,,engage_list
engage:IT営業,https://en-gage.net/user/search/desc/17061262/,,,engage_list
engage:IT営業,https://en-gage.net/user/search/desc/11758343/,,,engage_list
engage:IT営業,https://en-gage.net/user/search/desc/16450130/,,,engage_list
engage:IT営業,https://en-gage.net/user/search/desc/8150653/,,,engage_list
engage:IT営業,https://en-gage.net/user/search/desc/13130483/,,,engage_list
engage:IT営業,https://en-gage.net/user/search/desc/1934281/,,,engage_list
engage:IT営業,https://en-gage.net/user/search/desc/16393988/,,,engage_list
engage:IT営業,https://en-gage.net/user/search/desc/16705205/,,,engage_list
engage:IT営業,https://en-gage.net/user/search/desc/16242112/,,,engage_list
engage:IT営業,https://en-gage.net/user/search/desc/15751961/,,,engage_list
engage:IT営業,https://en-gage.net/user/search/desc/14697790/,,,engage_list
engage:IT営業,https://en-gage.net/user/search/desc/13443573/,,,engage_list
engage:IT営業,https://en-gage.net/user/search/desc/8360858/,,,engage_list
engage:IT営業,https://en-gage.net/user/search/desc/17066427/,,,engage_list
engage:IT営業,https://en-gage.net/user/search/desc/16996198/,,,engage_list
engage:IT営業,https://en-gage.net/user/search/desc/17065366/,,,engage_list
engage:IT営業,https://en-gage.net/user/search/desc/17302739/,,,engage_list
engage:IT営業,https://en-gage.net/user/search/desc/14732695/,,,engage_list
engage:IT営業,https://en-gage.net/user/search/desc/14659636/,,,engage_list
engage:IT営業,https://en-gage.net/user/search/desc/17307835/,,,engage_list
engage:IT営業,https://en-gage.net/user/search/desc/14468030/,,,engage_list
engage:IT営業,https://en-gage.net/user/search/desc/14845297/,,,engage_list
engage:IT営業,https://en-gage.net/user/search/desc/14502692/,,,engage_list
engage:IT営業,https://en-gage.net/user/search/desc/9695917/,,,engage_list
engage:IT営業,https://en-gage.net/user/search/desc/17062283/,,,engage_list
engage:IT営業,https://en-gage.net/user/search/desc/16244046/,,,engage_list
engage:IT営業,https://en-gage.net/user/search/desc/7113634/,,,engage_list
engage:IT営業,https://en-gage.net/user/search/desc/16704888/,,,engage_list
engage:IT営業,https://en-gage.net/user/search/desc/4625399/,,,engage_list
engage:IT営業,https://en-gage.net/user/search/desc/2528468/,,,engage_list
engage:IT営業,https://en-gage.net/user/search/desc/7069402/,,,engage_list
engage:IT営業,https://en-gage.net/user/search/desc/16740478/,,,engage_list
engage:営業の求人,https://en-gage.net/user/search/desc/7311146/,,,engage_list
engage:営業の求人,https://en-gage.net/user/search/desc/13698827/,,,engage_list
engage:営業の求人,https://en-gage.net/user/search/desc/8829315/,,,engage_list
engage:営業の求人,https://en-gage.net/user/search/desc/13239328/,,,engage_list
engage:営業の求人,https://en-gage.net/user/search/desc/4779047/,,,engage_list
engage:営業の求人,https://en-gage.net/user/search/desc/7091853/,,,engage_list
engage:営業の求人,https://en-gage.net/user/search/desc/17180459/,,,engage_list
engage:営業の求人,https://en-gage.net/user/search/desc/5434761/,,,engage_list
engage:営業の求人,https://en-gage.net/user/search/desc/13415021/,,,engage_list
engage:営業の求人,https://en-gage.net/user/search/desc/17296163/,,,engage_list
engage:営業の求人,https://en-gage.net/user/search/desc/16704458/,,,engage_list
engage:営業の求人,https://en-gage.net/user/search/desc/3141781/,,,engage_list
engage:営業の求人,https://en-gage.net/user/search/desc/9805325/,,,engage_list
engage:営業の求人,https://en-gage.net/user/search/desc/2250369/,,,engage_list
engage:営業の求人,https://en-gage.net/user/search/desc/16194986/,,,engage_list
engage:営業の求人,https://en-gage.net/user/search/desc/3613204/,,,engage_list
engage:営業の求人,https://en-gage.net/user/search/desc/7271056/,,,engage_list
engage:営業の求人,https://en-gage.net/user/search/desc/14924168/,,,engage_list
engage:営業の求人,https://en-gage.net/user/search/desc/7528217/,,,engage_list
engage:営業の求人,https://en-gage.net/user/search/desc/8824790/,,,engage_list
engage:営業の求人,https://en-gage.net/user/search/desc/6695072/,,,engage_list
engage:営業の求人,https://en-gage.net/user/search/desc/15862925/,,,engage_list
engage:営業の求人,https://en-gage.net/user/search/desc/11144648/,,,engage_list
engage:営業の求人,https://en-gage.net/user/search/desc/301744/,,,engage_list
engage:営業の求人,https://en-gage.net/user/search/desc/10205479/,,,engage_list
engage:営業の求人,https://en-gage.net/user/search/desc/5250622/,,,engage_list
engage:営業の求人,https://en-gage.net/user/search/desc/6613291/,,,engage_list
engage:営業の求人,https://en-gage.net/user/search/desc/8958991/,,,engage_list
engage:営業の求人,https://en-gage.net/user/search/desc/15374695/,,,engage_list
engage:営業の求人,https://en-gage.net/user/search/desc/9728830/,,,engage_list
engage:営業の求人,https://en-gage.net/user/search/desc/2643012/,,,engage_list
engage:営業の求人,https://en-gage.net/user/search/desc/2786985/,,,engage_list
engage:営業の求人,https://en-gage.net/user/search/desc/13570619/,,,engage_list
engage:営業の求人,https://en-gage.net/user/search/desc/3207940/,,,engage_list
engage:営業の求人,https://en-gage.net/user/search/desc/15723606/,,,engage_list
engage:営業の求人,https://en-gage.net/user/search/desc/5426560/,,,engage_list
engage:営業の求人,https://en-gage.net/user/search/desc/7561277/,,,engage_list
engage:営業の求人,https://en-gage.net/user/search/desc/16717658/,,,engage_list
engage:営業の求人,https://en-gage.net/user/search/desc/3520677/,,,engage_list
engage:営業の求人,https://en-gage.net/user/search/desc/12656692/,,,engage_list
engage:営業の求人,https://en-gage.net/user/search/desc/5173699/,,,engage_list
engage:営業の求人,https://en-gage.net/user/search/desc/3370224/,,,engage_list
engage:営業の求人,https://en-gage.net/user/search/desc/16992995/,,,engage_list
engage:営業の求人,https://en-gage.net/user/search/desc/4624815/,,,engage_list
engage:営業の求人,https://en-gage.net/user/search/desc/9002736/,,,engage_list
engage:営業の求人,https://en-gage.net/user/search/desc/7508664/,,,engage_list
engage:営業の求人,https://en-gage.net/user/search/desc/6771929/,,,engage_list
engage:営業の求人,https://en-gage.net/user/search/desc/8887856/,,,engage_list
engage:営業の求人,https://en-gage.net/user/search/desc/3005192/,,,engage_list
engage:営業の求人,https://en-gage.net/user/search/desc/11906049/,,,engage_list
engage:営業の求人,https://en-gage.net/user/search/desc/13993975/,,,engage_list
engage:営業の求人,https://en-gage.net/user/search/desc/7247612/,,,engage_list
engage:営業の求人,https://en-gage.net/user/search/desc/15735019/,,,engage_list
engage:営業の求人,https://en-gage.net/user/search/desc/16850667/,,,engage_list
engage:営業の求人,https://en-gage.net/user/search/desc/16270275/,,,engage_list
engage:営業の求人,https://en-gage.net/user/search/desc/10477429/,,,engage_list
engage:営業の求人,https://en-gage.net/user/search/desc/14777475/,,,engage_list
engage:営業の求人,https://en-gage.net/user/search/desc/3577928/,,,engage_list
engage:営業の求人,https://en-gage.net/user/search/desc/4006858/,,,engage_list
engage:営業の求人,https://en-gage.net/user/search/desc/17232455/,,,engage_list
engage:営業の求人,https://en-gage.net/user/search/desc/16397363/,,,engage_list
engage:営業の求人,https://en-gage.net/user/search/desc/13602200/,,,engage_list
engage:営業の求人,https://en-gage.net/user/search/desc/17308205/,,,engage_list
engage:営業の求人,https://en-gage.net/user/search/desc/16769831/,,,engage_list
engage:営業の求人,https://en-gage.net/user/search/desc/7528848/,,,engage_list
engage:営業の求人,https://en-gage.net/user/search/desc/17047397/,,,engage_list
engage:営業の求人,https://en-gage.net/user/search/desc/16118146/,,,engage_list
engage:営業の求人,https://en-gage.net/user/search/desc/16545804/,,,engage_list
engage:営業の求人,https://en-gage.net/user/search/desc/7237835/,,,engage_list
engage:営業の求人,https://en-gage.net/user/search/desc/14422059/,,,engage_list
engage:営業の求人,https://en-gage.net/user/search/desc/16172278/,,,engage_list
engage:営業の求人,https://en-gage.net/user/search/desc/17033495/,,,engage_list
engage:営業の求人,https://en-gage.net/user/search/desc/14259783/,,,engage_list
engage:営業の求人,https://en-gage.net/user/search/desc/9086530/,,,engage_list
engage:営業の求人,https://en-gage.net/user/search/desc/15201673/,,,engage_list
engage:営業の求人,https://en-gage.net/user/search/desc/17267198/,,,engage_list
engage:営業の求人,https://en-gage.net/user/search/desc/16515347/,,,engage_list
engage:営業の求人,https://en-gage.net/user/search/desc/16542408/,,,engage_list
engage:営業の求人,https://en-gage.net/user/search/desc/2221009/,,,engage_list
engage:営業の求人,https://en-gage.net/user/search/desc/2402607/,,,engage_list
engage:営業の求人,https://en-gage.net/user/search/desc/16680376/,,,engage_list
engage:営業の求人,https://en-gage.net/user/search/desc/5357444/,,,engage_list
engage:営業の求人,https://en-gage.net/user/search/desc/774485/,,,engage_list
engage:営業の求人,https://en-gage.net/user/search/desc/16953406/,,,engage_list
engage:営業の求人,https://en-gage.net/user/search/desc/2787793/,,,engage_list
engage:営業の求人,https://en-gage.net/user/search/desc/12682237/,,,engage_list
engage:営業の求人,https://en-gage.net/user/search/desc/12681675/,,,engage_list
engage:営業の求人,https://en-gage.net/user/search/desc/12477162/,,,engage_list
engage:営業の求人,https://en-gage.net/user/search/desc/6296308/,,,engage_list
engage:営業の求人,https://en-gage.net/user/search/desc/7874396/,,,engage_list
engage:営業の求人,https://en-gage.net/user/search/desc/2639724/,,,engage_list
engage:営業の求人,https://en-gage.net/user/search/desc/14900371/,,,engage_list
engage:営業の求人,https://en-gage.net/user/search/desc/16064236/,,,engage_list
engage:営業の求人,https://en-gage.net/user/search/desc/17180409/,,,engage_list
engage:営業の求人,https://en-gage.net/user/search/desc/17301533/,,,engage_list
engage:営業の求人,https://en-gage.net/user/search/desc/13268203/,,,engage_list
engage:営業の求人,https://en-gage.net/user/search/desc/16721995/,,,engage_list
engage:営業の求人,https://en-gage.net/user/search/desc/16989985/,,,engage_list
engage:営業の求人,https://en-gage.net/user/search/desc/1931327/,,,engage_list
engage:営業の求人,https://en-gage.net/user/search/desc/8953369/,,,engage_list
engage:営業の求人,https://en-gage.net/user/search/desc/10340887/,,,engage_list
engage:営業の求人,https://en-gage.net/user/search/desc/9275877/,,,engage_list
engage:営業の求人,https://en-gage.net/user/search/desc/11982018/,,,engage_list
engage:営業の求人,https://en-gage.net/user/search/desc/15744271/,,,engage_list
engage:営業の求人,https://en-gage.net/user/search/desc/4119000/,,,engage_list
engage:営業の求人,https://en-gage.net/user/search/desc/17289598/,,,engage_list
engage:営業の求人,https://en-gage.net/user/search/desc/15081089/,,,engage_list
engage:営業の求人,https://en-gage.net/user/search/desc/3431233/,,,engage_list
engage:営業の求人,https://en-gage.net/user/search/desc/16052574/,,,engage_list
engage:営業の求人,https://en-gage.net/user/search/desc/15110642/,,,engage_list
engage:営業の求人,https://en-gage.net/user/search/desc/17336192/,,,engage_list
engage:営業の求人,https://en-gage.net/user/search/desc/15748150/,,,engage_list
engage:営業の求人,https://en-gage.net/user/search/desc/547718/,,,engage_list
engage:営業の求人,https://en-gage.net/user/search/desc/17021064/,,,engage_list
engage:営業の求人,https://en-gage.net/user/search/desc/16519605/,,,engage_list
engage:営業の求人,https://en-gage.net/user/search/desc/16250780/,,,engage_list
engage:営業の求人,https://en-gage.net/user/search/desc/4468170/,,,engage_list
engage:営業の求人,https://en-gage.net/user/search/desc/15292029/,,,engage_list
engage:営業の求人,https://en-gage.net/user/search/desc/12807498/,,,engage_list
engage:営業の求人,https://en-gage.net/user/search/desc/16844387/,,,engage_list
engage:営業の求人,https://en-gage.net/user/search/desc/4789531/,,,engage_list
engage:営業の求人,https://en-gage.net/user/search/desc/14830419/,,,engage_list
engage:営業の求人,https://en-gage.net/user/search/desc/5283911/,,,engage_list
engage:営業の求人,https://en-gage.net/user/search/desc/16947142/,,,engage_list
engage:営業の求人,https://en-gage.net/user/search/desc/93404/,,,engage_list
engage:営業の求人,https://en-gage.net/user/search/desc/15756545/,,,engage_list
engage:営業の求人,https://en-gage.net/user/search/desc/15046146/,,,engage_list
engage:営業の求人,https://en-gage.net/user/search/desc/13185936/,,,engage_list
engage:営業の求人,https://en-gage.net/user/search/desc/15006380/,,,engage_list
engage:営業の求人,https://en-gage.net/user/search/desc/14794279/,,,engage_list
engage:営業の求人,https://en-gage.net/user/search/desc/13551310/,,,engage_list
engage:営業の求人,https://en-gage.net/user/search/desc/3244798/,,,engage_list
engage:営業の求人,https://en-gage.net/user/search/desc/12422103/,,,engage_list
engage:営業の求人,https://en-gage.net/user/search/desc/3782462/,,,engage_list
engage:営業の求人,https://en-gage.net/user/search/desc/5593065/,,,engage_list
engage:営業の求人,https://en-gage.net/user/search/desc/15338037/,,,engage_list
engage:営業の求人,https://en-gage.net/user/search/desc/13344927/,,,engage_list
engage:営業の求人,https://en-gage.net/user/search/desc/17428017/,,,engage_list
engage:営業の求人,https://en-gage.net/user/search/desc/4142317/,,,engage_list
engage:営業の求人,https://en-gage.net/user/search/desc/6847934/,,,engage_list
engage:営業の求人,https://en-gage.net/user/search/desc/17188557/,,,engage_list
engage:営業の求人,https://en-gage.net/user/search/desc/17177379/,,,engage_list
engage:営業の求人,https://en-gage.net/user/search/desc/6508699/,,,engage_list
engage:営業の求人,https://en-gage.net/user/search/desc/15279277/,,,engage_list
engage:営業の求人,https://en-gage.net/user/search/desc/3800471/,,,engage_list
engage:営業の求人,https://en-gage.net/user/search/desc/17237279/,,,engage_list
engage:営業の求人,https://en-gage.net/user/search/desc/6136644/,,,engage_list
engage:営業の求人,https://en-gage.net/user/search/desc/14953740/,,,engage_list
engage:営業の求人,https://en-gage.net/user/search/desc/199913/,,,engage_list
engage:営業の求人,https://en-gage.net/user/search/desc/11519982/,,,engage_list
engage:営業の求人,https://en-gage.net/user/search/desc/14200982/,,,engage_list
engage:営業の求人,https://en-gage.net/user/search/desc/5590819/,,,engage_list
engage:営業の求人,https://en-gage.net/user/search/desc/17312074/,,,engage_list
engage:営業の求人,https://en-gage.net/user/search/desc/17040940/,,,engage_list
engage:営業の求人,https://en-gage.net/user/search/desc/16745736/,,,engage_list
engage:営業の求人,https://en-gage.net/user/search/desc/17328126/,,,engage_list
engage:営業の求人,https://en-gage.net/user/search/desc/4937478/,,,engage_list
engage:営業の求人,https://en-gage.net/user/search/desc/15321844/,,,engage_list
engage:営業の求人,https://en-gage.net/user/search/desc/16664386/,,,engage_list
engage:営業の求人,https://en-gage.net/user/search/desc/16704177/,,,engage_list
engage:営業の求人,https://en-gage.net/user/search/desc/9667375/,,,engage_list
engage:営業の求人,https://en-gage.net/user/search/desc/16021185/,,,engage_list
engage:営業の求人,https://en-gage.net/user/search/desc/16482969/,,,engage_list
engage:営業の求人,https://en-gage.net/user/search/desc/4390501/,,,engage_list
engage:営業の求人,https://en-gage.net/user/search/desc/7066358/,,,engage_list
engage:営業の求人,https://en-gage.net/user/search/desc/15963203/,,,engage_list
engage:営業の求人,https://en-gage.net/user/search/desc/15419390/,,,engage_list
engage:営業の求人,https://en-gage.net/user/search/desc/8135721/,,,engage_list
engage:営業の求人,https://en-gage.net/user/search/desc/16589564/,,,engage_list
engage:営業の求人,https://en-gage.net/user/search/desc/16935838/,,,engage_list
engage:営業の求人,https://en-gage.net/user/search/desc/9002746/,,,engage_list
engage:営業の求人,https://en-gage.net/user/search/desc/16680387/,,,engage_list
engage:営業の求人,https://en-gage.net/user/search/desc/17226398/,,,engage_list
engage:営業の求人,https://en-gage.net/user/search/desc/12242671/,,,engage_list
engage:営業の求人,https://en-gage.net/user/search/desc/14104998/,,,engage_list
engage:営業の求人,https://en-gage.net/user/search/desc/3991554/,,,engage_list
engage:営業の求人,https://en-gage.net/user/search/desc/17281675/,,,engage_list
engage:営業の求人,https://en-gage.net/user/search/desc/16929033/,,,engage_list
engage:営業の求人,https://en-gage.net/user/search/desc/13625986/,,,engage_list
engage:営業の求人,https://en-gage.net/user/search/desc/13185343/,,,engage_list
engage:営業の求人,https://en-gage.net/user/search/desc/5139220/,,,engage_list
engage:営業の求人,https://en-gage.net/user/search/desc/1688611/,,,engage_list
engage:営業の求人,https://en-gage.net/user/search/desc/3786015/,,,engage_list
engage:営業の求人,https://en-gage.net/user/search/desc/17218702/,,,engage_list
engage:営業の求人,https://en-gage.net/user/search/desc/17237289/,,,engage_list
engage:営業の求人,https://en-gage.net/user/search/desc/12632684/,,,engage_list
engage:営業の求人,https://en-gage.net/user/search/desc/15830560/,,,engage_list
engage:営業の求人,https://en-gage.net/user/search/desc/4254810/,,,engage_list
engage:営業の求人,https://en-gage.net/user/search/desc/14235202/,,,engage_list
engage:営業の求人,https://en-gage.net/user/search/desc/14004161/,,,engage_list
engage:営業の求人,https://en-gage.net/user/search/desc/556799/,,,engage_list
engage:営業の求人,https://en-gage.net/user/search/desc/5162514/,,,engage_list
engage:営業の求人,https://en-gage.net/user/search/desc/14369851/,,,engage_list
engage:営業の求人,https://en-gage.net/user/search/desc/7639852/,,,engage_list
engage:営業の求人,https://en-gage.net/user/search/desc/8772754/,,,engage_list
engage:営業の求人,https://en-gage.net/user/search/desc/15664266/,,,engage_list
engage:営業の求人,https://en-gage.net/user/search/desc/2791235/,,,engage_list
engage:営業の求人,https://en-gage.net/user/search/desc/10759747/,,,engage_list
engage:営業の求人,https://en-gage.net/user/search/desc/8373676/,,,engage_list
engage:営業の求人,https://en-gage.net/user/search/desc/1916537/,,,engage_list
engage:営業の求人,https://en-gage.net/user/search/desc/8857855/,,,engage_list
engage:営業の求人,https://en-gage.net/user/search/desc/1606635/,,,engage_list
engage:営業の求人,https://en-gage.net/user/search/desc/9249288/,,,engage_list
engage:営業の求人,https://en-gage.net/user/search/desc/16485806/,,,engage_list
engage:営業の求人,https://en-gage.net/user/search/desc/16034504/,,,engage_list
engage:営業の求人,https://en-gage.net/user/search/desc/11676540/,,,engage_list
engage:営業の求人,https://en-gage.net/user/search/desc/3764793/,,,engage_list
engage:営業の求人,https://en-gage.net/user/search/desc/16560814/,,,engage_list
engage:営業の求人,https://en-gage.net/user/search/desc/17272287/,,,engage_list
engage:営業の求人,https://en-gage.net/user/search/desc/2129326/,,,engage_list
engage:営業の求人,https://en-gage.net/user/search/desc/10788254/,,,engage_list
engage:営業の求人,https://en-gage.net/user/search/desc/16769191/,,,engage_list
engage:営業の求人,https://en-gage.net/user/search/desc/17337174/,,,engage_list
engage:営業の求人,https://en-gage.net/user/search/desc/15755638/,,,engage_list
engage:営業の求人,https://en-gage.net/user/search/desc/16116898/,,,engage_list
engage:営業の求人,https://en-gage.net/user/search/desc/2950498/,,,engage_list
engage:営業の求人,https://en-gage.net/user/search/desc/79662/,,,engage_list
engage:営業の求人,https://en-gage.net/user/search/desc/16972635/,,,engage_list
engage:営業の求人,https://en-gage.net/user/search/desc/17162193/,,,engage_list
engage:営業の求人,https://en-gage.net/user/search/desc/17189165/,,,engage_list
engage:営業の求人,https://en-gage.net/user/search/desc/14511207/,,,engage_list
engage:営業の求人,https://en-gage.net/user/search/desc/515361/,,,engage_list
engage:営業の求人,https://en-gage.net/user/search/desc/2019447/,,,engage_list
engage:営業の求人,https://en-gage.net/user/search/desc/8106669/,,,engage_list
engage:営業の求人,https://en-gage.net/user/search/desc/14974976/,,,engage_list
engage:営業の求人,https://en-gage.net/user/search/desc/16548460/,,,engage_list
engage:営業の求人,https://en-gage.net/user/search/desc/11668018/,,,engage_list
engage:営業の求人,https://en-gage.net/user/search/desc/11085232/,,,engage_list
engage:営業の求人,https://en-gage.net/user/search/desc/1647856/,,,engage_list
engage:営業の求人,https://en-gage.net/user/search/desc/5881725/,,,engage_list
engage:営業の求人,https://en-gage.net/user/search/desc/15373639/,,,engage_list
engage:営業の求人,https://en-gage.net/user/search/desc/5674391/,,,engage_list
engage:営業の求人,https://en-gage.net/user/search/desc/16456650/,,,engage_list
engage:営業の求人,https://en-gage.net/user/search/desc/5067347/,,,engage_list
engage:営業の求人,https://en-gage.net/user/search/desc/3867405/,,,engage_list
engage:営業の求人,https://en-gage.net/user/search/desc/1463054/,,,engage_list
engage:営業の求人,https://en-gage.net/user/search/desc/10787945/,,,engage_list
engage:営業の求人,https://en-gage.net/user/search/desc/7194109/,,,engage_list
engage:営業の求人,https://en-gage.net/user/search/desc/16820487/,,,engage_list
engage:営業の求人,https://en-gage.net/user/search/desc/7571407/,,,engage_list
engage:営業の求人,https://en-gage.net/user/search/desc/3040068/,,,engage_list
engage:営業の求人,https://en-gage.net/user/search/desc/6703510/,,,engage_list
engage:営業の求人,https://en-gage.net/user/search/desc/11417907/,,,engage_list
engage:営業の求人,https://en-gage.net/user/search/desc/3357168/,,,engage_list
engage:営業の求人,https://en-gage.net/user/search/desc/16608918/,,,engage_list
engage:営業の求人,https://en-gage.net/user/search/desc/2053442/,,,engage_list
engage:営業の求人,https://en-gage.net/user/search/desc/3043357/,,,engage_list
engage:営業の求人,https://en-gage.net/user/search/desc/16119968/,,,engage_list
engage:営業の求人,https://en-gage.net/user/search/desc/15998948/,,,engage_list
engage:営業の求人,https://en-gage.net/user/search/desc/16811973/,,,engage_list
engage:営業の求人,https://en-gage.net/user/search/desc/10277760/,,,engage_list
engage:営業の求人,https://en-gage.net/user/search/desc/15202587/,,,engage_list
engage:営業の求人,https://en-gage.net/user/search/desc/10002239/,,,engage_list
engage:営業の求人,https://en-gage.net/user/search/desc/3827185/,,,engage_list
engage:営業の求人,https://en-gage.net/user/search/desc/14707525/,,,engage_list
engage:営業の求人,https://en-gage.net/user/search/desc/7054450/,,,engage_list
engage:営業の求人,https://en-gage.net/user/search/desc/5857466/,,,engage_list
engage:営業の求人,https://en-gage.net/user/search/desc/16196439/,,,engage_list
engage:営業の求人,https://en-gage.net/user/search/desc/11530858/,,,engage_list
engage:営業の求人,https://en-gage.net/user/search/desc/10876978/,,,engage_list
engage:営業の求人,https://en-gage.net/user/search/desc/12442002/,,,engage_list
engage:営業の求人,https://en-gage.net/user/search/desc/3524008/,,,engage_list
engage:営業の求人,https://en-gage.net/user/search/desc/12372644/,,,engage_list
engage:営業の求人,https://en-gage.net/user/search/desc/6355991/,,,engage_list
engage:営業の求人,https://en-gage.net/user/search/desc/7526470/,,,engage_list
engage:営業の求人,https://en-gage.net/user/search/desc/15410474/,,,engage_list
engage:営業の求人,https://en-gage.net/user/search/desc/8432522/,,,engage_list
engage:営業の求人,https://en-gage.net/user/search/desc/10157386/,,,engage_list
engage:営業の求人,https://en-gage.net/user/search/desc/4490511/,,,engage_list
engage:営業の求人,https://en-gage.net/user/search/desc/17450822/,,,engage_list
engage:営業の求人,https://en-gage.net/user/search/desc/8117598/,,,engage_list
engage:営業の求人,https://en-gage.net/user/search/desc/14221599/,,,engage_list
engage:営業の求人,https://en-gage.net/user/search/desc/10240374/,,,engage_list
engage:営業の求人,https://en-gage.net/user/search/desc/17238568/,,,engage_list
engage:営業の求人,https://en-gage.net/user/search/desc/16210959/,,,engage_list
engage:営業の求人,https://en-gage.net/user/search/desc/1960408/,,,engage_list
engage:営業の求人,https://en-gage.net/user/search/desc/4425993/,,,engage_list
engage:営業の求人,https://en-gage.net/user/search/desc/7541737/,,,engage_list
engage:営業の求人,https://en-gage.net/user/search/desc/8573613/,,,engage_list
engage:営業の求人,https://en-gage.net/user/search/desc/16614729/,,,engage_list
engage:営業の求人,https://en-gage.net/user/search/desc/16963102/,,,engage_list
engage:営業の求人,https://en-gage.net/user/search/desc/13380928/,,,engage_list
engage:営業の求人,https://en-gage.net/user/search/desc/5912050/,,,engage_list
engage:営業の求人,https://en-gage.net/user/search/desc/13729807/,,,engage_list
engage:営業の求人,https://en-gage.net/user/search/desc/16407891/,,,engage_list
engage:営業の求人,https://en-gage.net/user/search/desc/16750594/,,,engage_list
engage:営業の求人,https://en-gage.net/user/search/desc/16168797/,,,engage_list
engage:営業の求人,https://en-gage.net/user/search/desc/16829096/,,,engage_list
engage:営業の求人,https://en-gage.net/user/search/desc/14760536/,,,engage_list
engage:営業の求人,https://en-gage.net/user/search/desc/16999449/,,,engage_list
engage:営業の求人,https://en-gage.net/user/search/desc/17018551/,,,engage_list
engage:営業の求人,https://en-gage.net/user/search/desc/4132697/,,,engage_list
engage:営業の求人,https://en-gage.net/user/search/desc/14480250/,,,engage_list
engage:営業の求人,https://en-gage.net/user/search/desc/13160611/,,,engage_list
engage:営業の求人,https://en-gage.net/user/search/desc/13637836/,,,engage_list
engage:営業の求人,https://en-gage.net/user/search/desc/16774673/,,,engage_list
engage:営業の求人,https://en-gage.net/user/search/desc/8657915/,,,engage_list
engage:営業の求人,https://en-gage.net/user/search/desc/10100212/,,,engage_list
engage:営業の求人,https://en-gage.net/user/search/desc/16323129/,,,engage_list
engage:営業の求人,https://en-gage.net/user/search/desc/16416721/,,,engage_list
engage:営業の求人,https://en-gage.net/user/search/desc/1559861/,,,engage_list
engage:営業の求人,https://en-gage.net/user/search/desc/9392495/,,,engage_list
engage:営業の求人,https://en-gage.net/user/search/desc/8321784/,,,engage_list
engage:営業の求人,https://en-gage.net/user/search/desc/12510249/,,,engage_list
engage:営業の求人,https://en-gage.net/user/search/desc/12514619/,,,engage_list
engage:営業の求人,https://en-gage.net/user/search/desc/3226939/,,,engage_list
engage:営業の求人,https://en-gage.net/user/search/desc/16238579/,,,engage_list
engage:営業の求人,https://en-gage.net/user/search/desc/10281422/,,,engage_list
engage:営業の求人,https://en-gage.net/user/search/desc/17295271/,,,engage_list
engage:営業の求人,https://en-gage.net/user/search/desc/13990124/,,,engage_list
engage:営業の求人,https://en-gage.net/user/search/desc/2342866/,,,engage_list
engage:営業の求人,https://en-gage.net/user/search/desc/1776578/,,,engage_list
engage:営業の求人,https://en-gage.net/user/search/desc/4247859/,,,engage_list
engage:営業の求人,https://en-gage.net/user/search/desc/16851836/,,,engage_list
engage:営業の求人,https://en-gage.net/user/search/desc/16664467/,,,engage_list
engage:営業の求人,https://en-gage.net/user/search/desc/5893643/,,,engage_list
engage:営業の求人,https://en-gage.net/user/search/desc/16726838/,,,engage_list
engage:営業の求人,https://en-gage.net/user/search/desc/13840351/,,,engage_list
engage:営業の求人,https://en-gage.net/user/search/desc/15931774/,,,engage_list
engage:営業の求人,https://en-gage.net/user/search/desc/3004778/,,,engage_list
engage:営業の求人,https://en-gage.net/user/search/desc/16041487/,,,engage_list
engage:営業の求人,https://en-gage.net/user/search/desc/16430796/,,,engage_list
engage:営業の求人,https://en-gage.net/user/search/desc/13792181/,,,engage_list
engage:営業の求人,https://en-gage.net/user/search/desc/15504703/,,,engage_list
engage:営業の求人,https://en-gage.net/user/search/desc/8271820/,,,engage_list
engage:営業の求人,https://en-gage.net/user/search/desc/14388368/,,,engage_list
engage:営業の求人,https://en-gage.net/user/search/desc/15992340/,,,engage_list
engage:営業の求人,https://en-gage.net/user/search/desc/17135547/,,,engage_list
engage:営業の求人,https://en-gage.net/user/search/desc/16424901/,,,engage_list
engage:営業の求人,https://en-gage.net/user/search/desc/10679443/,,,engage_list
engage:営業の求人,https://en-gage.net/user/search/desc/15577194/,,,engage_list
engage:営業の求人,https://en-gage.net/user/search/desc/5612666/,,,engage_list
engage:営業の求人,https://en-gage.net/user/search/desc/6196666/,,,engage_list
engage:営業の求人,https://en-gage.net/user/search/desc/15908881/,,,engage_list
engage:営業の求人,https://en-gage.net/user/search/desc/16445811/,,,engage_list
engage:営業の求人,https://en-gage.net/user/search/desc/9404211/,,,engage_list
engage:営業の求人,https://en-gage.net/user/search/desc/16202908/,,,engage_list
engage:営業の求人,https://en-gage.net/user/search/desc/11467637/,,,engage_list
engage:営業の求人,https://en-gage.net/user/search/desc/10950869/,,,engage_list
engage:営業の求人,https://en-gage.net/user/search/desc/16963063/,,,engage_list
engage:営業の求人,https://en-gage.net/user/search/desc/15227956/,,,engage_list
engage:営業の求人,https://en-gage.net/user/search/desc/16397360/,,,engage_list
engage:営業の求人,https://en-gage.net/user/search/desc/12518549/,,,engage_list
engage:営業の求人,https://en-gage.net/user/search/desc/16692105/,,,engage_list
engage:営業の求人,https://en-gage.net/user/search/desc/12675863/,,,engage_list
engage:営業の求人,https://en-gage.net/user/search/desc/17003676/,,,engage_list
engage:営業の求人,https://en-gage.net/user/search/desc/13394405/,,,engage_list
engage:営業の求人,https://en-gage.net/user/search/desc/6015029/,,,engage_list
engage:営業の求人,https://en-gage.net/user/search/desc/14992572/,,,engage_list
engage:営業の求人,https://en-gage.net/user/search/desc/3028741/,,,engage_list
engage:営業の求人,https://en-gage.net/user/search/desc/1972443/,,,engage_list
engage:営業の求人,https://en-gage.net/user/search/desc/4466730/,,,engage_list
engage:営業の求人,https://en-gage.net/user/search/desc/16705703/,,,engage_list
engage:営業の求人,https://en-gage.net/user/search/desc/12225309/,,,engage_list
engage:営業の求人,https://en-gage.net/user/search/desc/1948069/,,,engage_list
engage:営業の求人,https://en-gage.net/user/search/desc/62187/,,,engage_list
engage:営業の求人,https://en-gage.net/user/search/desc/4598626/,,,engage_list
engage:営業の求人,https://en-gage.net/user/search/desc/17391346/,,,engage_list
engage:営業の求人,https://en-gage.net/user/search/desc/10471903/,,,engage_list
engage:営業の求人,https://en-gage.net/user/search/desc/17021577/,,,engage_list
engage:営業の求人,https://en-gage.net/user/search/desc/2091298/,,,engage_list
engage:営業の求人,https://en-gage.net/user/search/desc/10674947/,,,engage_list
engage:営業の求人,https://en-gage.net/user/search/desc/16309274/,,,engage_list
engage:営業の求人,https://en-gage.net/user/search/desc/16955255/,,,engage_list
engage:営業の求人,https://en-gage.net/user/search/desc/13891247/,,,engage_list
engage:営業の求人,https://en-gage.net/user/search/desc/16983111/,,,engage_list
engage:営業の求人,https://en-gage.net/user/search/desc/15800236/,,,engage_list
engage:営業の求人,https://en-gage.net/user/search/desc/6440253/,,,engage_list
engage:営業の求人,https://en-gage.net/user/search/desc/14240046/,,,engage_list
engage:営業の求人,https://en-gage.net/user/search/desc/15642082/,,,engage_list
engage:営業の求人,https://en-gage.net/user/search/desc/28209/,,,engage_list
engage:営業の求人,https://en-gage.net/user/search/desc/17354013/,,,engage_list
engage:営業の求人,https://en-gage.net/user/search/desc/17328064/,,,engage_list
engage:営業の求人,https://en-gage.net/user/search/desc/10623115/,,,engage_list
engage:営業の求人,https://en-gage.net/user/search/desc/1307934/,,,engage_list
engage:営業の求人,https://en-gage.net/user/search/desc/13598390/,,,engage_list
engage:営業の求人,https://en-gage.net/user/search/desc/16368888/,,,engage_list
engage:営業の求人,https://en-gage.net/user/search/desc/4584627/,,,engage_list
engage:営業の求人,https://en-gage.net/user/search/desc/16029659/,,,engage_list
engage:営業の求人,https://en-gage.net/user/search/desc/16820458/,,,engage_list
engage:営業の求人,https://en-gage.net/user/search/desc/10161264/,,,engage_list
engage:営業の求人,https://en-gage.net/user/search/desc/4042735/,,,engage_list
engage:営業の求人,https://en-gage.net/user/search/desc/17226460/,,,engage_list
engage:営業の求人,https://en-gage.net/user/search/desc/14806082/,,,engage_list
engage:営業の求人,https://en-gage.net/user/search/desc/14908026/,,,engage_list
