company_name,job_title,search_query,crawl_date
不明,SES営業とは？ 業務内容と3つの必要なスキル、きつい理由も紹介,SES営業,2026-07-02
不明,SES営業とは？仕事内容とリアルをわかりやすく解説,SES営業,2026-07-02
不明,1.SESとは何か？SES営業歴10年の僕が“全体像”をわかりやすく ...,SES営業,2026-07-02
SES営業とは？仕事内容や必要なスキル、キャリアプラン,求人 ...,SES営業,2026-07-02
SES営業のコツ,案件獲得率を上げる実践テクニック7選【2026 ...,SES営業,2026-07-02
不明,SES営業とは？業務内容やその流れ、将来性、新規顧客の獲得 ...,SES営業,2026-07-02
不明,SES営業は本当にきつい？5つの理由と得られる5つの能力 ...,SES営業,2026-07-02
不明,【完全ガイド】SES営業の流れをゼロから解説！新人でもわかる ...,SES営業,2026-07-02
不明,SES営業の仕事内容とは？やめとけの理由やメリットデメリット ...,SES営業,2026-07-02
不明,【SES営業ってどんな仕事？】向いている人や「きつい」と言わ ...,SES営業,2026-07-02
ses営業の転職・求人・中途採用情報,doda（デューダ）】,人材コーディネーター SES,2026-07-02
不明,【ses営業 募集】の転職・求人・中途採用情報│doda（デューダ）,SES 営業 インセンティブ,2026-07-02
不明,【SES営業 愛知県】の転職・求人・中途採用情報│doda ...,SES 営業 インセンティブ,2026-07-02
株式会社アイグルーヴ／【未経験歓迎】SES営業,株式会社アイグルーヴ／【未経験歓迎】SES営業 インセンティブ ...,SES 営業 インセンティブ,2026-07-02
株式会社ジー・エフ・エル／【SES営業】【インセンティブで,株式会社ジー・エフ・エル／【SES営業】【インセンティブで ...,SES 営業 インセンティブ,2026-07-02
不明,【ses営業 フルリモート】の転職・求人・中途採用情報│doda ...,SES 営業 インセンティブ,2026-07-02
不明,【SES】の転職・求人・中途採用情報│doda（デューダ）,人材コーディネーター SES,2026-07-02
株式会社／【リモートワーク可能】SES営業,Lotus＆Company株式会社／【リモートワーク可能】SES営業 ...,SES 営業 インセンティブ,2026-07-02
株式会社エンジニアのミカタ／【西新宿】SES営業,株式会社エンジニアのミカタ／【西新宿】SES営業 ...,SES 営業 インセンティブ,2026-07-02
＠IT,アットマーク・アイティ,IT営業 SES,2026-07-02
ITとは？意味や読み方を初心者向けにわかりやすく解説,IT用語 ...,IT営業 SES,2026-07-02
ITエキスパートのための問題解決メディア,＠IT,IT営業 SES,2026-07-02
ITって何の略？今さら聞けない「IT」の意味をわかりやすく解説！,ITって何の略？今さら聞けない「IT」の意味をわかりやすく解説！ |,IT営業 SES,2026-07-02
IT最前線,JBpress (ジェイビープレス),IT営業 SES,2026-07-02
IT - ニュース解説,日経クロステック（xTECH）,IT営業 SES,2026-07-02
株式会社日経BPコンサルティング,株式会社日経BPコンサルティング | 企画営業 | IT/Web業界の ...,BP営業,2026-07-02
株式会社日経BPコンサルティングの中途採用/求人,株式会社日経BPコンサルティングの中途採用/求人 | 転職サイト ...,BP営業,2026-07-02
株式会社日経BP,株式会社日経BP | データエンジニア | IT/Web業界の求人・中途 ...,BP営業,2026-07-02
営業職の求人,転職サイトGreen（グリーン）,BP営業,2026-07-02
株式会社日経BP読者サービスセンターの中途採用/求人,株式会社日経BP読者サービスセンターの中途採用/求人 | 転職 ...,BP営業,2026-07-02
IT,Web業界の求人・中途採用情報に強い転職サイトGreen(グリーン),BP営業,2026-07-02
求人検索,IT/Web業界の求人・中途採用情報に強い転職サイト ...,BP営業,2026-07-02
アクロビット株式会社,SES営業職メンバー (若手募集) | IT/Web ...,BP営業,2026-07-02
株式会社I-ne,株式会社I-ne | BP | IT/Web業界の求人・中途採用情報に強い ...,BP営業,2026-07-02
株式会社GSI／【新宿】IT人材コーディネーター（SES営業,株式会社GSI／【新宿】IT人材コーディネーター（SES営業 ...,人材コーディネーター SES,2026-07-02
不明,【人材コーディネーター】の転職・求人・中途採用情報│doda ...,人材コーディネーター SES,2026-07-02
株式会社ユニバーサルコンツェルン／【業界未経験・第二新卒,株式会社ユニバーサルコンツェルン／【業界未経験・第二新卒 ...,人材コーディネーター SES,2026-07-02
不明,【人材コーディネーター 業務内容】の転職・求人・中途採用 ...,人材コーディネーター SES,2026-07-02
不明,人材コーディネーター 未経験歓迎の転職・求人・中途採用情報 ...,人材コーディネーター SES,2026-07-02
不明,人材コーディネーター 上場企業の転職・求人・中途採用情報 ...,人材コーディネーター SES,2026-07-02
株式会社アーキテクトコア／IT人材コーディネーター,株式会社アーキテクトコア／IT人材コーディネーター 残業10H ...,人材コーディネーター SES,2026-07-02
