company,contact_name,email,type,memo
有限会社ケープコム,,info@capecom.co.jp,SES,
株式会社ビッグタウンズ,,info@bigtowns.co.jp,SES,
株式会社BASIS,,info@e-basis.co.jp,SES,
アイムファクトリー株式会社,,tasaki@aim-factory.com,SES,
アラスジャパン株式会社,,community-japan@aras.com,SES,
アキュラスター株式会社,,tatsuki.kaibara@aqurastar.co.jp,SES,
アイピーティシステムズ有限会社,,info@ipt-systems.com,SES,
TJサーチ＆カンパニー株式会社,,info@tjsearch.co.jp,SES,
omeroid株式会社,,inquiry@omeroid.com,SES,
RON株式会社,,consulting@ron.style,SES,
En-Technology株式会社,,info@en-technology.co.jp,SES,
DXHR株式会社,,aoyagi@dxhr.inc,SES,
dongoon株式会社,,pilot_window@dongoon.jp,SES,
CFL株式会社,,miki.ando@cfl-re.co.jp,SES,
BLKS株式会社,,oyama@blks.tokyo,SES,
INCREDS株式会社,,info@increds.co.jp,SES,
